Target10.162.t1_FOR	Target10.162.t1_REV
Target10.2459.t0_FOR	Target10.2459.t0_REV
Target10.3045.t1_FOR	Target10.3045.t1_REV
Target10.4004.t0_FOR	Target10.4004.t0_REV
Target10.5905.t1_FOR	Target10.5905.t1_REV
Target10.6679.t0_FOR	Target10.6679.t0_REV
Target10.7040.t1_FOR	Target10.7040.t1_REV
Target10.741.t0_FOR	Target10.741.t0_REV
Target10.7993.t0_FOR	Target10.7993.t0_REV
Target10.8735.t1_FOR	Target10.8735.t1_REV
Target10.918.t1_FOR	Target10.918.t1_REV
Target10.9338.t0_FOR	Target10.9338.t0_REV
Target100.1126.t0_FOR	Target100.1126.t0_REV
Target100.11978.t0_FOR	Target100.11978.t0_REV
Target100.13694.t1_FOR	Target100.13694.t1_REV
Target100.17285.t0_FOR	Target100.17285.t0_REV
Target100.19564.t1_FOR	Target100.19564.t1_REV
Target100.22863.t0_FOR	Target100.22863.t0_REV
Target100.24886.t1_FOR	Target100.24886.t1_REV
Target100.3410.t1_FOR	Target100.3410.t1_REV
Target100.6714.t0_FOR	Target100.6714.t0_REV
Target100.9627.t1_FOR	Target100.9627.t1_REV
Target101.10338.t0_FOR	Target101.10338.t0_REV
Target101.13306.t1_FOR	Target101.13306.t1_REV
Target101.15018.t0_FOR	Target101.15018.t0_REV
Target101.16711.t1_FOR	Target101.16711.t1_REV
Target101.1923.t0_FOR	Target101.1923.t0_REV
Target101.19362.t0_FOR	Target101.19362.t0_REV
Target101.3776.t1_FOR	Target101.3776.t1_REV
Target101.5313.t0_FOR	Target101.5313.t0_REV
Target101.6195.t1_FOR	Target101.6195.t1_REV
Target101.6574.t0_FOR	Target101.6574.t0_REV
Target101.8488.t1_FOR	Target101.8488.t1_REV
Target102.10510.t0_FOR	Target102.10510.t0_REV
Target102.10816.t1_FOR	Target102.10816.t1_REV
Target102.11311.t0_FOR	Target102.11311.t0_REV
Target102.13015.t1_FOR	Target102.13015.t1_REV
Target102.14223.t0_FOR	Target102.14223.t0_REV
Target102.15899.t1_FOR	Target102.15899.t1_REV
Target102.1682.t1_FOR	Target102.1682.t1_REV
Target102.4139.t0_FOR	Target102.4139.t0_REV
Target102.6162.t1_FOR	Target102.6162.t1_REV
Target102.7087.t0_FOR	Target102.7087.t0_REV
Target102.9414.t1_FOR	Target102.9414.t1_REV
Target103.10253.t1_FOR	Target103.10253.t1_REV
Target103.11881.t0_FOR	Target103.11881.t0_REV
Target103.12732.t1_FOR	Target103.12732.t1_REV
Target103.14282.t0_FOR	Target103.14282.t0_REV
Target103.1457.t0_FOR	Target103.1457.t0_REV
Target103.3716.t1_FOR	Target103.3716.t1_REV
Target103.5862.t0_FOR	Target103.5862.t0_REV
Target103.6864.t1_FOR	Target103.6864.t1_REV
Target103.8840.t0_FOR	Target103.8840.t0_REV
Target103.9391.t1_FOR	Target103.9391.t1_REV
Target103.9796.t0_FOR	Target103.9796.t0_REV
Target104.10306.t1_FOR	Target104.10306.t1_REV
Target104.13689.t0_FOR	Target104.13689.t0_REV
Target104.1436.t0_FOR	Target104.1436.t0_REV
Target104.16639.t1_FOR	Target104.16639.t1_REV
Target104.2778.t1_FOR	Target104.2778.t1_REV
Target104.3344.t0_FOR	Target104.3344.t0_REV
Target104.4353.t1_FOR	Target104.4353.t1_REV
Target104.4890.t0_FOR	Target104.4890.t0_REV
Target104.5957.t1_FOR	Target104.5957.t1_REV
Target104.7355.t0_FOR	Target104.7355.t0_REV
Target104.780.t1_FOR	Target104.780.t1_REV
Target105.11073.t1_FOR	Target105.11073.t1_REV
Target105.14398.t0_FOR	Target105.14398.t0_REV
Target105.1494.t0_FOR	Target105.1494.t0_REV
Target105.16002.t1_FOR	Target105.16002.t1_REV
Target105.16603.t0_FOR	Target105.16603.t0_REV
Target105.17137.t1_FOR	Target105.17137.t1_REV
Target105.2687.t1_FOR	Target105.2687.t1_REV
Target105.7309.t1_FOR	Target105.7309.t1_REV
Target105.9121.t0_FOR	Target105.9121.t0_REV
Target106.1062.t0_FOR	Target106.1062.t0_REV
Target106.11791.t1_FOR	Target106.11791.t1_REV
Target106.13220.t0_FOR	Target106.13220.t0_REV
Target106.14787.t1_FOR	Target106.14787.t1_REV
Target106.16501.t0_FOR	Target106.16501.t0_REV
Target106.18858.t1_FOR	Target106.18858.t1_REV
Target106.19694.t0_FOR	Target106.19694.t0_REV
Target106.2756.t1_FOR	Target106.2756.t1_REV
Target106.4872.t0_FOR	Target106.4872.t0_REV
Target106.7537.t1_FOR	Target106.7537.t1_REV
Target106.9509.t0_FOR	Target106.9509.t0_REV
Target107.13072.t1_FOR	Target107.13072.t1_REV
Target107.1437.t1_FOR	Target107.1437.t1_REV
Target107.15191.t0_FOR	Target107.15191.t0_REV
Target107.16951.t1_FOR	Target107.16951.t1_REV
Target107.17694.t0_FOR	Target107.17694.t0_REV
Target107.2099.t0_FOR	Target107.2099.t0_REV
Target107.21268.t1_FOR	Target107.21268.t1_REV
Target107.3453.t1_FOR	Target107.3453.t1_REV
Target107.5285.t0_FOR	Target107.5285.t0_REV
Target107.8339.t1_FOR	Target107.8339.t1_REV
Target107.9991.t0_FOR	Target107.9991.t0_REV
Target108.11840.t0_FOR	Target108.11840.t0_REV
Target108.13548.t1_FOR	Target108.13548.t1_REV
Target108.15371.t0_FOR	Target108.15371.t0_REV
Target108.18226.t1_FOR	Target108.18226.t1_REV
Target108.19249.t0_FOR	Target108.19249.t0_REV
Target108.20201.t1_FOR	Target108.20201.t1_REV
Target108.21667.t0_FOR	Target108.21667.t0_REV
Target108.2452.t0_FOR	Target108.2452.t0_REV
Target108.4289.t1_FOR	Target108.4289.t1_REV
Target108.7524.t0_FOR	Target108.7524.t0_REV
Target108.9974.t1_FOR	Target108.9974.t1_REV
Target109.10107.t1_FOR	Target109.10107.t1_REV
Target109.11669.t0_FOR	Target109.11669.t0_REV
Target109.13359.t1_FOR	Target109.13359.t1_REV
Target109.1398.t1_FOR	Target109.1398.t1_REV
Target109.15073.t0_FOR	Target109.15073.t0_REV
Target109.16598.t1_FOR	Target109.16598.t1_REV
Target109.3075.t0_FOR	Target109.3075.t0_REV
Target109.6211.t1_FOR	Target109.6211.t1_REV
Target109.7489.t0_FOR	Target109.7489.t0_REV
Target109.8770.t1_FOR	Target109.8770.t1_REV
Target109.9209.t0_FOR	Target109.9209.t0_REV
Target11.10749.t1_FOR	Target11.10749.t1_REV
Target11.1146.t1_FOR	Target11.1146.t1_REV
Target11.14045.t0_FOR	Target11.14045.t0_REV
Target11.17457.t1_FOR	Target11.17457.t1_REV
Target11.1864.t0_FOR	Target11.1864.t0_REV
Target11.19059.t0_FOR	Target11.19059.t0_REV
Target11.3975.t1_FOR	Target11.3975.t1_REV
Target11.6841.t0_FOR	Target11.6841.t0_REV
Target11.8533.t1_FOR	Target11.8533.t1_REV
Target11.9161.t0_FOR	Target11.9161.t0_REV
Target110.12578.t1_FOR	Target110.12578.t1_REV
Target110.16542.t0_FOR	Target110.16542.t0_REV
Target110.20330.t1_FOR	Target110.20330.t1_REV
Target110.22312.t0_FOR	Target110.22312.t0_REV
Target110.2356.t1_FOR	Target110.2356.t1_REV
Target110.26476.t1_FOR	Target110.26476.t1_REV
Target110.3548.t0_FOR	Target110.3548.t0_REV
Target110.5912.t1_FOR	Target110.5912.t1_REV
Target110.939.t0_FOR	Target110.939.t0_REV
Target110.9541.t0_FOR	Target110.9541.t0_REV
Target111.11037.t0_FOR	Target111.11037.t0_REV
Target111.12830.t1_FOR	Target111.12830.t1_REV
Target111.13755.t0_FOR	Target111.13755.t0_REV
Target111.17239.t1_FOR	Target111.17239.t1_REV
Target111.18770.t0_FOR	Target111.18770.t0_REV
Target111.21581.t1_FOR	Target111.21581.t1_REV
Target111.2187.t0_FOR	Target111.2187.t0_REV
Target111.22905.t0_FOR	Target111.22905.t0_REV
Target111.5674.t1_FOR	Target111.5674.t1_REV
Target111.7770.t0_FOR	Target111.7770.t0_REV
Target111.9137.t1_FOR	Target111.9137.t1_REV
Target112.11697.t1_FOR	Target112.11697.t1_REV
Target112.15049.t0_FOR	Target112.15049.t0_REV
Target112.17488.t1_FOR	Target112.17488.t1_REV
Target112.1797.t1_FOR	Target112.1797.t1_REV
Target112.19999.t0_FOR	Target112.19999.t0_REV
Target112.23457.t1_FOR	Target112.23457.t1_REV
Target112.27570.t0_FOR	Target112.27570.t0_REV
Target112.3775.t0_FOR	Target112.3775.t0_REV
Target112.5346.t1_FOR	Target112.5346.t1_REV
Target112.8138.t0_FOR	Target112.8138.t0_REV
Target113.11840.t1_FOR	Target113.11840.t1_REV
Target113.15057.t0_FOR	Target113.15057.t0_REV
Target113.1649.t1_FOR	Target113.1649.t1_REV
Target113.16567.t1_FOR	Target113.16567.t1_REV
Target113.18742.t0_FOR	Target113.18742.t0_REV
Target113.18773.t1_FOR	Target113.18773.t1_REV
Target113.20792.t0_FOR	Target113.20792.t0_REV
Target113.21330.t1_FOR	Target113.21330.t1_REV
Target113.3574.t0_FOR	Target113.3574.t0_REV
Target113.6265.t1_FOR	Target113.6265.t1_REV
Target113.8938.t0_FOR	Target113.8938.t0_REV
Target114.13065.t0_FOR	Target114.13065.t0_REV
Target114.14178.t1_FOR	Target114.14178.t1_REV
Target114.15815.t0_FOR	Target114.15815.t0_REV
Target114.16331.t1_FOR	Target114.16331.t1_REV
Target114.18099.t0_FOR	Target114.18099.t0_REV
Target114.1812.t0_FOR	Target114.1812.t0_REV
Target114.3848.t1_FOR	Target114.3848.t1_REV
Target114.4940.t0_FOR	Target114.4940.t0_REV
Target114.5904.t1_FOR	Target114.5904.t1_REV
Target114.9090.t0_FOR	Target114.9090.t0_REV
Target114.9973.t1_FOR	Target114.9973.t1_REV
Target115.10530.t1_FOR	Target115.10530.t1_REV
Target115.11423.t0_FOR	Target115.11423.t0_REV
Target115.12334.t1_FOR	Target115.12334.t1_REV
Target115.13061.t0_FOR	Target115.13061.t0_REV
Target115.13419.t1_FOR	Target115.13419.t1_REV
Target115.1778.t0_FOR	Target115.1778.t0_REV
Target115.2455.t1_FOR	Target115.2455.t1_REV
Target115.4337.t0_FOR	Target115.4337.t0_REV
Target115.6369.t1_FOR	Target115.6369.t1_REV
Target115.802.t1_FOR	Target115.802.t1_REV
Target115.9010.t0_FOR	Target115.9010.t0_REV
Target116.11741.t0_FOR	Target116.11741.t0_REV
Target116.14435.t1_FOR	Target116.14435.t1_REV
Target116.16554.t0_FOR	Target116.16554.t0_REV
Target116.1856.t0_FOR	Target116.1856.t0_REV
Target116.4321.t1_FOR	Target116.4321.t1_REV
Target116.6370.t0_FOR	Target116.6370.t0_REV
Target116.9213.t1_FOR	Target116.9213.t1_REV
Target116.9723.t0_FOR	Target116.9723.t0_REV
Target116.9838.t1_FOR	Target116.9838.t1_REV
Target116_m1_FOR	Target116_m1_REV
Target117.10823.t1_FOR	Target117.10823.t1_REV
Target117.11337.t0_FOR	Target117.11337.t0_REV
Target117.1279.t1_FOR	Target117.1279.t1_REV
Target117.13296.t1_FOR	Target117.13296.t1_REV
Target117.14263.t0_FOR	Target117.14263.t0_REV
Target117.16414.t1_FOR	Target117.16414.t1_REV
Target117.2056.t0_FOR	Target117.2056.t0_REV
Target117.2925.t1_FOR	Target117.2925.t1_REV
Target117.4154.t0_FOR	Target117.4154.t0_REV
Target117.7652.t1_FOR	Target117.7652.t1_REV
Target117.8520.t0_FOR	Target117.8520.t0_REV
Target118.13020.t1_FOR	Target118.13020.t1_REV
Target118.15646.t0_FOR	Target118.15646.t0_REV
Target118.1568.t0_FOR	Target118.1568.t0_REV
Target118.19764.t1_FOR	Target118.19764.t1_REV
Target118.22252.t0_FOR	Target118.22252.t0_REV
Target118.25909.t1_FOR	Target118.25909.t1_REV
Target118.2777.t1_FOR	Target118.2777.t1_REV
Target118.4179.t0_FOR	Target118.4179.t0_REV
Target118.7142.t1_FOR	Target118.7142.t1_REV
Target118.9782.t0_FOR	Target118.9782.t0_REV
Target119.12738.t1_FOR	Target119.12738.t1_REV
Target119.15602.t0_FOR	Target119.15602.t0_REV
Target119.18662.t1_FOR	Target119.18662.t1_REV
Target119.20606.t0_FOR	Target119.20606.t0_REV
Target119.23283.t1_FOR	Target119.23283.t1_REV
Target119.24908.t0_FOR	Target119.24908.t0_REV
Target119.2555.t0_FOR	Target119.2555.t0_REV
Target119.27478.t1_FOR	Target119.27478.t1_REV
Target119.5863.t1_FOR	Target119.5863.t1_REV
Target119.9200.t0_FOR	Target119.9200.t0_REV
Target11_m1_FOR	Target11_m1_REV
Target12.11951.t1_FOR	Target12.11951.t1_REV
Target12.14587.t0_FOR	Target12.14587.t0_REV
Target12.16219.t1_FOR	Target12.16219.t1_REV
Target12.17357.t0_FOR	Target12.17357.t0_REV
Target12.18521.t1_FOR	Target12.18521.t1_REV
Target12.2012.t0_FOR	Target12.2012.t0_REV
Target12.3404.t1_FOR	Target12.3404.t1_REV
Target12.5723.t0_FOR	Target12.5723.t0_REV
Target12.7629.t1_FOR	Target12.7629.t1_REV
Target12.903.t1_FOR	Target12.903.t1_REV
Target12.9470.t0_FOR	Target12.9470.t0_REV
Target120.11211.t1_FOR	Target120.11211.t1_REV
Target120.13060.t0_FOR	Target120.13060.t0_REV
Target120.1500.t0_FOR	Target120.1500.t0_REV
Target120.16305.t1_FOR	Target120.16305.t1_REV
Target120.17874.t0_FOR	Target120.17874.t0_REV
Target120.20624.t1_FOR	Target120.20624.t1_REV
Target120.22597.t0_FOR	Target120.22597.t0_REV
Target120.4602.t1_FOR	Target120.4602.t1_REV
Target120.4957.t0_FOR	Target120.4957.t0_REV
Target120.7476.t1_FOR	Target120.7476.t1_REV
Target120.8727.t0_FOR	Target120.8727.t0_REV
Target121.11053.t1_FOR	Target121.11053.t1_REV
Target121.13135.t0_FOR	Target121.13135.t0_REV
Target121.15093.t1_FOR	Target121.15093.t1_REV
Target121.18381.t0_FOR	Target121.18381.t0_REV
Target121.20983.t1_FOR	Target121.20983.t1_REV
Target121.2741.t0_FOR	Target121.2741.t0_REV
Target121.4394.t1_FOR	Target121.4394.t1_REV
Target121.5123.t0_FOR	Target121.5123.t0_REV
Target121.6989.t1_FOR	Target121.6989.t1_REV
Target121.8238.t0_FOR	Target121.8238.t0_REV
Target121_m1_FOR	Target121_m1_REV
Target122.10278.t1_FOR	Target122.10278.t1_REV
Target122.12093.t0_FOR	Target122.12093.t0_REV
Target122.14406.t1_FOR	Target122.14406.t1_REV
Target122.17383.t0_FOR	Target122.17383.t0_REV
Target122.17679.t1_FOR	Target122.17679.t1_REV
Target122.5582.t1_FOR	Target122.5582.t1_REV
Target122.7220.t0_FOR	Target122.7220.t0_REV
Target122.7408.t1_FOR	Target122.7408.t1_REV
Target122.8333.t0_FOR	Target122.8333.t0_REV
Target123.10290.t0_FOR	Target123.10290.t0_REV
Target123.11776.t1_FOR	Target123.11776.t1_REV
Target123.15395.t0_FOR	Target123.15395.t0_REV
Target123.1559.t1_FOR	Target123.1559.t1_REV
Target123.16445.t1_FOR	Target123.16445.t1_REV
Target123.2551.t0_FOR	Target123.2551.t0_REV
Target123.3979.t1_FOR	Target123.3979.t1_REV
Target123.5036.t0_FOR	Target123.5036.t0_REV
Target123.599.t0_FOR	Target123.599.t0_REV
Target123.6113.t1_FOR	Target123.6113.t1_REV
Target123.8203.t0_FOR	Target123.8203.t0_REV
Target123.8497.t1_FOR	Target123.8497.t1_REV
Target124.11216.t0_FOR	Target124.11216.t0_REV
Target124.1142.t0_FOR	Target124.1142.t0_REV
Target124.11818.t1_FOR	Target124.11818.t1_REV
Target124.14281.t0_FOR	Target124.14281.t0_REV
Target124.15906.t1_FOR	Target124.15906.t1_REV
Target124.18500.t0_FOR	Target124.18500.t0_REV
Target124.2619.t1_FOR	Target124.2619.t1_REV
Target124.3942.t0_FOR	Target124.3942.t0_REV
Target124.6324.t1_FOR	Target124.6324.t1_REV
Target124.8097.t0_FOR	Target124.8097.t0_REV
Target124.8881.t1_FOR	Target124.8881.t1_REV
Target125.10728.t0_FOR	Target125.10728.t0_REV
Target125.13619.t1_FOR	Target125.13619.t1_REV
Target125.16051.t0_FOR	Target125.16051.t0_REV
Target125.17791.t1_FOR	Target125.17791.t1_REV
Target125.18396.t0_FOR	Target125.18396.t0_REV
Target125.19217.t1_FOR	Target125.19217.t1_REV
Target125.2053.t1_FOR	Target125.2053.t1_REV
Target125.4657.t0_FOR	Target125.4657.t0_REV
Target125.640.t1_FOR	Target125.640.t1_REV
Target125.7541.t1_FOR	Target125.7541.t1_REV
Target125.960.t0_FOR	Target125.960.t0_REV
Target126.10584.t1_FOR	Target126.10584.t1_REV
Target126.1088.t0_FOR	Target126.1088.t0_REV
Target126.13049.t0_FOR	Target126.13049.t0_REV
Target126.18080.t0_FOR	Target126.18080.t0_REV
Target126.20466.t1_FOR	Target126.20466.t1_REV
Target126.22166.t0_FOR	Target126.22166.t0_REV
Target126.3470.t1_FOR	Target126.3470.t1_REV
Target126.5753.t0_FOR	Target126.5753.t0_REV
Target126.7865.t1_FOR	Target126.7865.t1_REV
Target126.9482.t0_FOR	Target126.9482.t0_REV
Target126_m1_FOR	Target126_m1_REV
Target127.1018.t1_FOR	Target127.1018.t1_REV
Target127.10775.t1_FOR	Target127.10775.t1_REV
Target127.13095.t0_FOR	Target127.13095.t0_REV
Target127.14320.t1_FOR	Target127.14320.t1_REV
Target127.15240.t0_FOR	Target127.15240.t0_REV
Target127.1538.t0_FOR	Target127.1538.t0_REV
Target127.3065.t1_FOR	Target127.3065.t1_REV
Target127.4580.t0_FOR	Target127.4580.t0_REV
Target127.6045.t1_FOR	Target127.6045.t1_REV
Target127.8002.t0_FOR	Target127.8002.t0_REV
Target128.10204.t0_FOR	Target128.10204.t0_REV
Target128.13707.t1_FOR	Target128.13707.t1_REV
Target128.14613.t0_FOR	Target128.14613.t0_REV
Target128.1594.t1_FOR	Target128.1594.t1_REV
Target128.16277.t1_FOR	Target128.16277.t1_REV
Target128.16456.t0_FOR	Target128.16456.t0_REV
Target128.17343.t1_FOR	Target128.17343.t1_REV
Target128.2893.t0_FOR	Target128.2893.t0_REV
Target128.4441.t1_FOR	Target128.4441.t1_REV
Target128.6650.t0_FOR	Target128.6650.t0_REV
Target128.8078.t1_FOR	Target128.8078.t1_REV
Target129.11070.t0_FOR	Target129.11070.t0_REV
Target129.13199.t1_FOR	Target129.13199.t1_REV
Target129.15922.t0_FOR	Target129.15922.t0_REV
Target129.17669.t1_FOR	Target129.17669.t1_REV
Target129.2125.t1_FOR	Target129.2125.t1_REV
Target129.3362.t0_FOR	Target129.3362.t0_REV
Target129.4330.t1_FOR	Target129.4330.t1_REV
Target129.7213.t0_FOR	Target129.7213.t0_REV
Target129.888.t0_FOR	Target129.888.t0_REV
Target129.9377.t1_FOR	Target129.9377.t1_REV
Target13.1028.t0_FOR	Target13.1028.t0_REV
Target13.13171.t0_FOR	Target13.13171.t0_REV
Target13.15390.t1_FOR	Target13.15390.t1_REV
Target13.17428.t0_FOR	Target13.17428.t0_REV
Target13.20139.t1_FOR	Target13.20139.t1_REV
Target13.3663.t1_FOR	Target13.3663.t1_REV
Target13.4739.t0_FOR	Target13.4739.t0_REV
Target13.5942.t1_FOR	Target13.5942.t1_REV
Target13.7589.t0_FOR	Target13.7589.t0_REV
Target13.9890.t1_FOR	Target13.9890.t1_REV
Target130.13389.t1_FOR	Target130.13389.t1_REV
Target130.15520.t0_FOR	Target130.15520.t0_REV
Target130.19146.t1_FOR	Target130.19146.t1_REV
Target130.19989.t0_FOR	Target130.19989.t0_REV
Target130.23659.t1_FOR	Target130.23659.t1_REV
Target130.3339.t1_FOR	Target130.3339.t1_REV
Target130.4834.t0_FOR	Target130.4834.t0_REV
Target130.6994.t1_FOR	Target130.6994.t1_REV
Target130.9788.t0_FOR	Target130.9788.t0_REV
Target130.986.t0_FOR	Target130.986.t0_REV
Target131.12128.t0_FOR	Target131.12128.t0_REV
Target131.1376.t0_FOR	Target131.1376.t0_REV
Target131.15743.t1_FOR	Target131.15743.t1_REV
Target131.17304.t0_FOR	Target131.17304.t0_REV
Target131.20279.t1_FOR	Target131.20279.t1_REV
Target131.21801.t0_FOR	Target131.21801.t0_REV
Target131.25721.t1_FOR	Target131.25721.t1_REV
Target131.27027.t0_FOR	Target131.27027.t0_REV
Target131.3587.t1_FOR	Target131.3587.t1_REV
Target131.5981.t0_FOR	Target131.5981.t0_REV
Target131.8615.t1_FOR	Target131.8615.t1_REV
Target132.10342.t0_FOR	Target132.10342.t0_REV
Target132.16618.t0_FOR	Target132.16618.t0_REV
Target132.19045.t1_FOR	Target132.19045.t1_REV
Target132.1912.t1_FOR	Target132.1912.t1_REV
Target132.22506.t0_FOR	Target132.22506.t0_REV
Target132.25125.t1_FOR	Target132.25125.t1_REV
Target132.27826.t0_FOR	Target132.27826.t0_REV
Target132.5200.t0_FOR	Target132.5200.t0_REV
Target132.7404.t1_FOR	Target132.7404.t1_REV
Target132_m1_FOR	Target132_m1_REV
Target133.11614.t1_FOR	Target133.11614.t1_REV
Target133.13044.t0_FOR	Target133.13044.t0_REV
Target133.15482.t1_FOR	Target133.15482.t1_REV
Target133.17962.t0_FOR	Target133.17962.t0_REV
Target133.2059.t1_FOR	Target133.2059.t1_REV
Target133.21122.t1_FOR	Target133.21122.t1_REV
Target133.25070.t0_FOR	Target133.25070.t0_REV
Target133.26955.t1_FOR	Target133.26955.t1_REV
Target133.3414.t0_FOR	Target133.3414.t0_REV
Target133.5364.t1_FOR	Target133.5364.t1_REV
Target133.8170.t0_FOR	Target133.8170.t0_REV
Target134.12784.t0_FOR	Target134.12784.t0_REV
Target134.16785.t1_FOR	Target134.16785.t1_REV
Target134.20062.t0_FOR	Target134.20062.t0_REV
Target134.22142.t1_FOR	Target134.22142.t1_REV
Target134.24971.t0_FOR	Target134.24971.t0_REV
Target134.2534.t0_FOR	Target134.2534.t0_REV
Target134.27360.t1_FOR	Target134.27360.t1_REV
Target134.6658.t1_FOR	Target134.6658.t1_REV
Target134.8513.t0_FOR	Target134.8513.t0_REV
Target134.9811.t1_FOR	Target134.9811.t1_REV
Target135.11798.t1_FOR	Target135.11798.t1_REV
Target135.15947.t0_FOR	Target135.15947.t0_REV
Target135.19288.t1_FOR	Target135.19288.t1_REV
Target135.23029.t0_FOR	Target135.23029.t0_REV
Target135.2401.t0_FOR	Target135.2401.t0_REV
Target135.25797.t1_FOR	Target135.25797.t1_REV
Target135.28736.t0_FOR	Target135.28736.t0_REV
Target135.32312.t1_FOR	Target135.32312.t1_REV
Target135.6281.t1_FOR	Target135.6281.t1_REV
Target135.8214.t0_FOR	Target135.8214.t0_REV
Target136.10168.t1_FOR	Target136.10168.t1_REV
Target136.13106.t0_FOR	Target136.13106.t0_REV
Target136.15283.t1_FOR	Target136.15283.t1_REV
Target136.17992.t0_FOR	Target136.17992.t0_REV
Target136.19769.t1_FOR	Target136.19769.t1_REV
Target136.2029.t0_FOR	Target136.2029.t0_REV
Target136.21359.t0_FOR	Target136.21359.t0_REV
Target136.22966.t1_FOR	Target136.22966.t1_REV
Target136.3875.t1_FOR	Target136.3875.t1_REV
Target136.6620.t0_FOR	Target136.6620.t0_REV
Target137.12216.t1_FOR	Target137.12216.t1_REV
Target137.13237.t0_FOR	Target137.13237.t0_REV
Target137.14624.t1_FOR	Target137.14624.t1_REV
Target137.15569.t0_FOR	Target137.15569.t0_REV
Target137.16912.t1_FOR	Target137.16912.t1_REV
Target137.18186.t0_FOR	Target137.18186.t0_REV
Target137.2279.t0_FOR	Target137.2279.t0_REV
Target137.4566.t1_FOR	Target137.4566.t1_REV
Target137.6006.t0_FOR	Target137.6006.t0_REV
Target137.7783.t1_FOR	Target137.7783.t1_REV
Target137.9923.t0_FOR	Target137.9923.t0_REV
Target138.11110.t1_FOR	Target138.11110.t1_REV
Target138.12342.t0_FOR	Target138.12342.t0_REV
Target138.13618.t1_FOR	Target138.13618.t1_REV
Target138.15075.t0_FOR	Target138.15075.t0_REV
Target138.16024.t1_FOR	Target138.16024.t1_REV
Target138.1657.t0_FOR	Target138.1657.t0_REV
Target138.4604.t1_FOR	Target138.4604.t1_REV
Target138.598.t1_FOR	Target138.598.t1_REV
Target138.6958.t0_FOR	Target138.6958.t0_REV
Target138.8425.t1_FOR	Target138.8425.t1_REV
Target138.9212.t0_FOR	Target138.9212.t0_REV
Target139.10610.t0_FOR	Target139.10610.t0_REV
Target139.12899.t1_FOR	Target139.12899.t1_REV
Target139.12920.t0_FOR	Target139.12920.t0_REV
Target139.14418.t1_FOR	Target139.14418.t1_REV
Target139.1524.t0_FOR	Target139.1524.t0_REV
Target139.15778.t0_FOR	Target139.15778.t0_REV
Target139.18771.t1_FOR	Target139.18771.t1_REV
Target139.18827.t0_FOR	Target139.18827.t0_REV
Target139.3982.t1_FOR	Target139.3982.t1_REV
Target139.5834.t0_FOR	Target139.5834.t0_REV
Target139.8353.t1_FOR	Target139.8353.t1_REV
Target14.11075.t1_FOR	Target14.11075.t1_REV
Target14.12239.t0_FOR	Target14.12239.t0_REV
Target14.13246.t1_FOR	Target14.13246.t1_REV
Target14.14257.t0_FOR	Target14.14257.t0_REV
Target14.1562.t0_FOR	Target14.1562.t0_REV
Target14.15661.t1_FOR	Target14.15661.t1_REV
Target14.3424.t1_FOR	Target14.3424.t1_REV
Target14.4199.t0_FOR	Target14.4199.t0_REV
Target14.6624.t1_FOR	Target14.6624.t1_REV
Target14.8225.t0_FOR	Target14.8225.t0_REV
Target140.10013.t1_FOR	Target140.10013.t1_REV
Target140.11001.t0_FOR	Target140.11001.t0_REV
Target140.11100.t1_FOR	Target140.11100.t1_REV
Target140.12231.t1_FOR	Target140.12231.t1_REV
Target140.12655.t0_FOR	Target140.12655.t0_REV
Target140.2564.t0_FOR	Target140.2564.t0_REV
Target140.3608.t1_FOR	Target140.3608.t1_REV
Target140.5057.t0_FOR	Target140.5057.t0_REV
Target140.6914.t1_FOR	Target140.6914.t1_REV
Target140.793.t1_FOR	Target140.793.t1_REV
Target140.9033.t0_FOR	Target140.9033.t0_REV
Target141.10188.t0_FOR	Target141.10188.t0_REV
Target141.11759.t1_FOR	Target141.11759.t1_REV
Target141.2596.t1_FOR	Target141.2596.t1_REV
Target141.2758.t0_FOR	Target141.2758.t0_REV
Target141.3844.t1_FOR	Target141.3844.t1_REV
Target141.467.t0_FOR	Target141.467.t0_REV
Target141.6321.t0_FOR	Target141.6321.t0_REV
Target141.8700.t1_FOR	Target141.8700.t1_REV
Target141_m1_FOR	Target141_m1_REV
Target142.11264.t1_FOR	Target142.11264.t1_REV
Target142.14824.t0_FOR	Target142.14824.t0_REV
Target142.15944.t1_FOR	Target142.15944.t1_REV
Target142.1714.t0_FOR	Target142.1714.t0_REV
Target142.18446.t0_FOR	Target142.18446.t0_REV
Target142.2169.t1_FOR	Target142.2169.t1_REV
Target142.3182.t0_FOR	Target142.3182.t0_REV
Target142.5555.t1_FOR	Target142.5555.t1_REV
Target142.8935.t0_FOR	Target142.8935.t0_REV
Target143.10836.t1_FOR	Target143.10836.t1_REV
Target143.13555.t0_FOR	Target143.13555.t0_REV
Target143.14593.t1_FOR	Target143.14593.t1_REV
Target143.15697.t0_FOR	Target143.15697.t0_REV
Target143.1625.t0_FOR	Target143.1625.t0_REV
Target143.1791.t0_FOR	Target143.1791.t0_REV
Target143.3181.t1_FOR	Target143.3181.t1_REV
Target143.52.t1_FOR	Target143.52.t1_REV
Target143.5512.t0_FOR	Target143.5512.t0_REV
Target143.6389.t1_FOR	Target143.6389.t1_REV
Target143.9331.t0_FOR	Target143.9331.t0_REV
Target144.11971.t1_FOR	Target144.11971.t1_REV
Target144.12976.t0_FOR	Target144.12976.t0_REV
Target144.13989.t1_FOR	Target144.13989.t1_REV
Target144.1423.t0_FOR	Target144.1423.t0_REV
Target144.16637.t0_FOR	Target144.16637.t0_REV
Target144.3925.t1_FOR	Target144.3925.t1_REV
Target144.493.t1_FOR	Target144.493.t1_REV
Target144.5422.t0_FOR	Target144.5422.t0_REV
Target144.7203.t1_FOR	Target144.7203.t1_REV
Target144.9563.t0_FOR	Target144.9563.t0_REV
Target145.10989.t1_FOR	Target145.10989.t1_REV
Target145.11986.t0_FOR	Target145.11986.t0_REV
Target145.13193.t1_FOR	Target145.13193.t1_REV
Target145.15172.t0_FOR	Target145.15172.t0_REV
Target145.17718.t1_FOR	Target145.17718.t1_REV
Target145.1973.t1_FOR	Target145.1973.t1_REV
Target145.20783.t0_FOR	Target145.20783.t0_REV
Target145.3496.t0_FOR	Target145.3496.t0_REV
Target145.6334.t1_FOR	Target145.6334.t1_REV
Target145.9010.t0_FOR	Target145.9010.t0_REV
Target146.10685.t0_FOR	Target146.10685.t0_REV
Target146.11312.t1_FOR	Target146.11312.t1_REV
Target146.12197.t0_FOR	Target146.12197.t0_REV
Target146.15046.t1_FOR	Target146.15046.t1_REV
Target146.2557.t0_FOR	Target146.2557.t0_REV
Target146.4053.t1_FOR	Target146.4053.t1_REV
Target146.6108.t0_FOR	Target146.6108.t0_REV
Target146.7673.t1_FOR	Target146.7673.t1_REV
Target146.901.t1_FOR	Target146.901.t1_REV
Target146.9210.t0_FOR	Target146.9210.t0_REV
Target146.9833.t1_FOR	Target146.9833.t1_REV
Target147.12487.t1_FOR	Target147.12487.t1_REV
Target147.13652.t0_FOR	Target147.13652.t0_REV
Target147.16082.t1_FOR	Target147.16082.t1_REV
Target147.18002.t0_FOR	Target147.18002.t0_REV
Target147.1806.t0_FOR	Target147.1806.t0_REV
Target147.20428.t1_FOR	Target147.20428.t1_REV
Target147.3990.t1_FOR	Target147.3990.t1_REV
Target147.5077.t0_FOR	Target147.5077.t0_REV
Target147.7096.t1_FOR	Target147.7096.t1_REV
Target147.8794.t0_FOR	Target147.8794.t0_REV
Target148.10227.t0_FOR	Target148.10227.t0_REV
Target148.10414.t1_FOR	Target148.10414.t1_REV
Target148.11533.t0_FOR	Target148.11533.t0_REV
Target148.1758.t1_FOR	Target148.1758.t1_REV
Target148.2750.t0_FOR	Target148.2750.t0_REV
Target148.416.t1_FOR	Target148.416.t1_REV
Target148.468.t0_FOR	Target148.468.t0_REV
Target148.5158.t1_FOR	Target148.5158.t1_REV
Target148.6566.t0_FOR	Target148.6566.t0_REV
Target148.7634.t1_FOR	Target148.7634.t1_REV
Target148.9464.t1_FOR	Target148.9464.t1_REV
Target148.9608.t0_FOR	Target148.9608.t0_REV
Target149.10313.t0_FOR	Target149.10313.t0_REV
Target149.11727.t1_FOR	Target149.11727.t1_REV
Target149.1344.t0_FOR	Target149.1344.t0_REV
Target149.15134.t0_FOR	Target149.15134.t0_REV
Target149.19078.t1_FOR	Target149.19078.t1_REV
Target149.2291.t1_FOR	Target149.2291.t1_REV
Target149.3454.t0_FOR	Target149.3454.t0_REV
Target149.3953.t1_FOR	Target149.3953.t1_REV
Target149.499.t1_FOR	Target149.499.t1_REV
Target149.5147.t0_FOR	Target149.5147.t0_REV
Target149.6896.t1_FOR	Target149.6896.t1_REV
Target15.11327.t0_FOR	Target15.11327.t0_REV
Target15.13248.t1_FOR	Target15.13248.t1_REV
Target15.1796.t0_FOR	Target15.1796.t0_REV
Target15.2975.t1_FOR	Target15.2975.t1_REV
Target15.5075.t0_FOR	Target15.5075.t0_REV
Target15.6414.t1_FOR	Target15.6414.t1_REV
Target15.7015.t0_FOR	Target15.7015.t0_REV
Target15.7558.t1_FOR	Target15.7558.t1_REV
Target15.8062.t0_FOR	Target15.8062.t0_REV
Target15.8779.t1_FOR	Target15.8779.t1_REV
Target150.11086.t1_FOR	Target150.11086.t1_REV
Target150.13457.t0_FOR	Target150.13457.t0_REV
Target150.14915.t1_FOR	Target150.14915.t1_REV
Target150.16725.t0_FOR	Target150.16725.t0_REV
Target150.20197.t1_FOR	Target150.20197.t1_REV
Target150.20877.t0_FOR	Target150.20877.t0_REV
Target150.22387.t1_FOR	Target150.22387.t1_REV
Target150.2371.t0_FOR	Target150.2371.t0_REV
Target150.6124.t1_FOR	Target150.6124.t1_REV
Target150.9232.t0_FOR	Target150.9232.t0_REV
Target151.1180.t0_FOR	Target151.1180.t0_REV
Target151.13002.t0_FOR	Target151.13002.t0_REV
Target151.14661.t0_FOR	Target151.14661.t0_REV
Target151.17247.t1_FOR	Target151.17247.t1_REV
Target151.2748.t1_FOR	Target151.2748.t1_REV
Target151.4307.t0_FOR	Target151.4307.t0_REV
Target151.5386.t1_FOR	Target151.5386.t1_REV
Target151.8064.t0_FOR	Target151.8064.t0_REV
Target151.9647.t1_FOR	Target151.9647.t1_REV
Target152.10726.t1_FOR	Target152.10726.t1_REV
Target152.12766.t0_FOR	Target152.12766.t0_REV
Target152.15103.t1_FOR	Target152.15103.t1_REV
Target152.16299.t0_FOR	Target152.16299.t0_REV
Target152.17723.t1_FOR	Target152.17723.t1_REV
Target152.19592.t0_FOR	Target152.19592.t0_REV
Target152.2135.t0_FOR	Target152.2135.t0_REV
Target152.21659.t1_FOR	Target152.21659.t1_REV
Target152.5073.t1_FOR	Target152.5073.t1_REV
Target152.8517.t0_FOR	Target152.8517.t0_REV
Target153.10386.t0_FOR	Target153.10386.t0_REV
Target153.11750.t1_FOR	Target153.11750.t1_REV
Target153.12872.t0_FOR	Target153.12872.t0_REV
Target153.13834.t1_FOR	Target153.13834.t1_REV
Target153.15297.t0_FOR	Target153.15297.t0_REV
Target153.1819.t0_FOR	Target153.1819.t0_REV
Target153.3854.t1_FOR	Target153.3854.t1_REV
Target153.4695.t0_FOR	Target153.4695.t0_REV
Target153.6838.t1_FOR	Target153.6838.t1_REV
Target153.7527.t0_FOR	Target153.7527.t0_REV
Target153.8955.t1_FOR	Target153.8955.t1_REV
Target154.10843.t0_FOR	Target154.10843.t0_REV
Target154.1305.t1_FOR	Target154.1305.t1_REV
Target154.13806.t1_FOR	Target154.13806.t1_REV
Target154.16084.t0_FOR	Target154.16084.t0_REV
Target154.18471.t1_FOR	Target154.18471.t1_REV
Target154.2384.t0_FOR	Target154.2384.t0_REV
Target154.4214.t1_FOR	Target154.4214.t1_REV
Target154.4878.t0_FOR	Target154.4878.t0_REV
Target154.6297.t1_FOR	Target154.6297.t1_REV
Target154.8265.t0_FOR	Target154.8265.t0_REV
Target154.9586.t1_FOR	Target154.9586.t1_REV
Target155.11522.t1_FOR	Target155.11522.t1_REV
Target155.13112.t0_FOR	Target155.13112.t0_REV
Target155.15368.t1_FOR	Target155.15368.t1_REV
Target155.17472.t0_FOR	Target155.17472.t0_REV
Target155.19070.t1_FOR	Target155.19070.t1_REV
Target155.19847.t0_FOR	Target155.19847.t0_REV
Target155.2185.t0_FOR	Target155.2185.t0_REV
Target155.22418.t1_FOR	Target155.22418.t1_REV
Target155.5556.t1_FOR	Target155.5556.t1_REV
Target155.8440.t0_FOR	Target155.8440.t0_REV
Target156.11388.t1_FOR	Target156.11388.t1_REV
Target156.11720.t0_FOR	Target156.11720.t0_REV
Target156.1196.t0_FOR	Target156.1196.t0_REV
Target156.13481.t1_FOR	Target156.13481.t1_REV
Target156.14739.t0_FOR	Target156.14739.t0_REV
Target156.17417.t1_FOR	Target156.17417.t1_REV
Target156.18260.t0_FOR	Target156.18260.t0_REV
Target156.2244.t1_FOR	Target156.2244.t1_REV
Target156.3630.t0_FOR	Target156.3630.t0_REV
Target156.5540.t1_FOR	Target156.5540.t1_REV
Target156.7549.t0_FOR	Target156.7549.t0_REV
Target157.11631.t1_FOR	Target157.11631.t1_REV
Target157.14470.t0_FOR	Target157.14470.t0_REV
Target157.1621.t1_FOR	Target157.1621.t1_REV
Target157.17147.t1_FOR	Target157.17147.t1_REV
Target157.3704.t0_FOR	Target157.3704.t0_REV
Target157.4400.t1_FOR	Target157.4400.t1_REV
Target157.5285.t0_FOR	Target157.5285.t0_REV
Target157.5644.t1_FOR	Target157.5644.t1_REV
Target157.6743.t1_FOR	Target157.6743.t1_REV
Target157.9528.t0_FOR	Target157.9528.t0_REV
Target157_m1_FOR	Target157_m1_REV
Target158.12185.t1_FOR	Target158.12185.t1_REV
Target158.1883.t1_FOR	Target158.1883.t1_REV
Target158.2366.t0_FOR	Target158.2366.t0_REV
Target158.3622.t1_FOR	Target158.3622.t1_REV
Target158.4608.t0_FOR	Target158.4608.t0_REV
Target158.5447.t1_FOR	Target158.5447.t1_REV
Target158.6674.t0_FOR	Target158.6674.t0_REV
Target158.7796.t1_FOR	Target158.7796.t1_REV
Target158.9456.t0_FOR	Target158.9456.t0_REV
Target158.991.t0_FOR	Target158.991.t0_REV
Target159.11239.t0_FOR	Target159.11239.t0_REV
Target159.14377.t1_FOR	Target159.14377.t1_REV
Target159.16740.t0_FOR	Target159.16740.t0_REV
Target159.18453.t1_FOR	Target159.18453.t1_REV
Target159.19675.t0_FOR	Target159.19675.t0_REV
Target159.21707.t1_FOR	Target159.21707.t1_REV
Target159.22312.t0_FOR	Target159.22312.t0_REV
Target159.2288.t0_FOR	Target159.2288.t0_REV
Target159.3253.t1_FOR	Target159.3253.t1_REV
Target159.5829.t0_FOR	Target159.5829.t0_REV
Target159.9319.t1_FOR	Target159.9319.t1_REV
Target15_m1_FOR	Target15_m1_REV
Target16.11467.t0_FOR	Target16.11467.t0_REV
Target16.13031.t1_FOR	Target16.13031.t1_REV
Target16.15075.t0_FOR	Target16.15075.t0_REV
Target16.1526.t0_FOR	Target16.1526.t0_REV
Target16.5688.t0_FOR	Target16.5688.t0_REV
Target16.7784.t1_FOR	Target16.7784.t1_REV
Target160.10390.t0_FOR	Target160.10390.t0_REV
Target160.13374.t1_FOR	Target160.13374.t1_REV
Target160.17544.t0_FOR	Target160.17544.t0_REV
Target160.20346.t1_FOR	Target160.20346.t1_REV
Target160.22189.t0_FOR	Target160.22189.t0_REV
Target160.2752.t1_FOR	Target160.2752.t1_REV
Target160.348.t1_FOR	Target160.348.t1_REV
Target160.4758.t0_FOR	Target160.4758.t0_REV
Target160.7071.t1_FOR	Target160.7071.t1_REV
Target160.774.t0_FOR	Target160.774.t0_REV
Target161.10804.t1_FOR	Target161.10804.t1_REV
Target161.13191.t0_FOR	Target161.13191.t0_REV
Target161.1368.t1_FOR	Target161.1368.t1_REV
Target161.14864.t1_FOR	Target161.14864.t1_REV
Target161.15128.t0_FOR	Target161.15128.t0_REV
Target161.16088.t1_FOR	Target161.16088.t1_REV
Target161.16615.t0_FOR	Target161.16615.t0_REV
Target161.19243.t1_FOR	Target161.19243.t1_REV
Target161.3731.t0_FOR	Target161.3731.t0_REV
Target161.5800.t1_FOR	Target161.5800.t1_REV
Target161.9176.t0_FOR	Target161.9176.t0_REV
Target162.11477.t0_FOR	Target162.11477.t0_REV
Target162.14841.t1_FOR	Target162.14841.t1_REV
Target162.16883.t0_FOR	Target162.16883.t0_REV
Target162.17769.t1_FOR	Target162.17769.t1_REV
Target162.1873.t0_FOR	Target162.1873.t0_REV
Target162.19477.t0_FOR	Target162.19477.t0_REV
Target162.20565.t1_FOR	Target162.20565.t1_REV
Target162.4478.t1_FOR	Target162.4478.t1_REV
Target162.6503.t0_FOR	Target162.6503.t0_REV
Target162.8021.t1_FOR	Target162.8021.t1_REV
Target163.12060.t1_FOR	Target163.12060.t1_REV
Target163.13356.t0_FOR	Target163.13356.t0_REV
Target163.16657.t1_FOR	Target163.16657.t1_REV
Target163.20244.t0_FOR	Target163.20244.t0_REV
Target163.22812.t1_FOR	Target163.22812.t1_REV
Target163.25399.t0_FOR	Target163.25399.t0_REV
Target163.2656.t0_FOR	Target163.2656.t0_REV
Target163.28479.t1_FOR	Target163.28479.t1_REV
Target163.6237.t1_FOR	Target163.6237.t1_REV
Target163.9533.t0_FOR	Target163.9533.t0_REV
Target164.1577.t0_FOR	Target164.1577.t0_REV
Target164.4790.t1_FOR	Target164.4790.t1_REV
Target164.6314.t0_FOR	Target164.6314.t0_REV
Target164.6869.t1_FOR	Target164.6869.t1_REV
Target164.7554.t0_FOR	Target164.7554.t0_REV
Target164.7978.t1_FOR	Target164.7978.t1_REV
Target164.8222.t0_FOR	Target164.8222.t0_REV
Target164.8633.t1_FOR	Target164.8633.t1_REV
Target164.8887.t0_FOR	Target164.8887.t0_REV
Target164.9333.t1_FOR	Target164.9333.t1_REV
Target164_m1_FOR	Target164_m1_REV
Target164_m2_FOR	Target164_m2_REV
Target165.10413.t1_FOR	Target165.10413.t1_REV
Target165.11898.t0_FOR	Target165.11898.t0_REV
Target165.11958.t1_FOR	Target165.11958.t1_REV
Target165.12740.t0_FOR	Target165.12740.t0_REV
Target165.2572.t0_FOR	Target165.2572.t0_REV
Target165.4286.t1_FOR	Target165.4286.t1_REV
Target165.5483.t0_FOR	Target165.5483.t0_REV
Target165.6590.t1_FOR	Target165.6590.t1_REV
Target165.9165.t0_FOR	Target165.9165.t0_REV
Target166.12273.t1_FOR	Target166.12273.t1_REV
Target166.1379.t1_FOR	Target166.1379.t1_REV
Target166.14465.t0_FOR	Target166.14465.t0_REV
Target166.17693.t1_FOR	Target166.17693.t1_REV
Target166.20005.t0_FOR	Target166.20005.t0_REV
Target166.2005.t0_FOR	Target166.2005.t0_REV
Target166.23005.t1_FOR	Target166.23005.t1_REV
Target166.2712.t1_FOR	Target166.2712.t1_REV
Target166.3703.t0_FOR	Target166.3703.t0_REV
Target166.6425.t1_FOR	Target166.6425.t1_REV
Target166.9459.t0_FOR	Target166.9459.t0_REV
Target167.10757.t1_FOR	Target167.10757.t1_REV
Target167.13351.t0_FOR	Target167.13351.t0_REV
Target167.15486.t1_FOR	Target167.15486.t1_REV
Target167.17352.t0_FOR	Target167.17352.t0_REV
Target167.17640.t1_FOR	Target167.17640.t1_REV
Target167.18250.t0_FOR	Target167.18250.t0_REV
Target167.2228.t0_FOR	Target167.2228.t0_REV
Target167.5495.t1_FOR	Target167.5495.t1_REV
Target167.6107.t0_FOR	Target167.6107.t0_REV
Target167.7514.t1_FOR	Target167.7514.t1_REV
Target167.8806.t0_FOR	Target167.8806.t0_REV
Target168.11113.t0_FOR	Target168.11113.t0_REV
Target168.14935.t1_FOR	Target168.14935.t1_REV
Target168.1601.t0_FOR	Target168.1601.t0_REV
Target168.17951.t0_FOR	Target168.17951.t0_REV
Target168.2779.t1_FOR	Target168.2779.t1_REV
Target168.4332.t0_FOR	Target168.4332.t0_REV
Target168.5947.t1_FOR	Target168.5947.t1_REV
Target168.6612.t0_FOR	Target168.6612.t0_REV
Target168.757.t1_FOR	Target168.757.t1_REV
Target168.8875.t1_FOR	Target168.8875.t1_REV
Target169.10602.t1_FOR	Target169.10602.t1_REV
Target169.1262.t1_FOR	Target169.1262.t1_REV
Target169.14105.t0_FOR	Target169.14105.t0_REV
Target169.14301.t1_FOR	Target169.14301.t1_REV
Target169.18209.t0_FOR	Target169.18209.t0_REV
Target169.19099.t1_FOR	Target169.19099.t1_REV
Target169.4126.t0_FOR	Target169.4126.t0_REV
Target169.5000.t1_FOR	Target169.5000.t1_REV
Target169.6201.t0_FOR	Target169.6201.t0_REV
Target169.6368.t1_FOR	Target169.6368.t1_REV
Target169.9601.t0_FOR	Target169.9601.t0_REV
Target16_m1_FOR	Target16_m1_REV
Target16_m2_FOR	Target16_m2_REV
Target17.10118.t0_FOR	Target17.10118.t0_REV
Target17.11368.t1_FOR	Target17.11368.t1_REV
Target17.12227.t0_FOR	Target17.12227.t0_REV
Target17.1474.t1_FOR	Target17.1474.t1_REV
Target17.14800.t1_FOR	Target17.14800.t1_REV
Target17.17238.t0_FOR	Target17.17238.t0_REV
Target17.3200.t0_FOR	Target17.3200.t0_REV
Target17.4671.t1_FOR	Target17.4671.t1_REV
Target17.6955.t0_FOR	Target17.6955.t0_REV
Target17.9084.t1_FOR	Target17.9084.t1_REV
Target170.3487.t1_FOR	Target170.3487.t1_REV
Target170.4111.t0_FOR	Target170.4111.t0_REV
Target170.4671.t1_FOR	Target170.4671.t1_REV
Target170.5008.t0_FOR	Target170.5008.t0_REV
Target170.646.t0_FOR	Target170.646.t0_REV
Target170.6477.t1_FOR	Target170.6477.t1_REV
Target170.8045.t0_FOR	Target170.8045.t0_REV
Target170.8898.t1_FOR	Target170.8898.t1_REV
Target170.9243.t0_FOR	Target170.9243.t0_REV
Target170.9868.t1_FOR	Target170.9868.t1_REV
Target170_m1_FOR	Target170_m1_REV
Target170_m2_FOR	Target170_m2_REV
Target171.11099.t0_FOR	Target171.11099.t0_REV
Target171.12631.t1_FOR	Target171.12631.t1_REV
Target171.15298.t0_FOR	Target171.15298.t0_REV
Target171.15511.t1_FOR	Target171.15511.t1_REV
Target171.2070.t1_FOR	Target171.2070.t1_REV
Target171.2815.t0_FOR	Target171.2815.t0_REV
Target171.4545.t1_FOR	Target171.4545.t1_REV
Target171.7269.t0_FOR	Target171.7269.t0_REV
Target171.9521.t1_FOR	Target171.9521.t1_REV
Target172.10882.t0_FOR	Target172.10882.t0_REV
Target172.1114.t1_FOR	Target172.1114.t1_REV
Target172.13980.t1_FOR	Target172.13980.t1_REV
Target172.17102.t0_FOR	Target172.17102.t0_REV
Target172.20517.t1_FOR	Target172.20517.t1_REV
Target172.23601.t0_FOR	Target172.23601.t0_REV
Target172.25742.t1_FOR	Target172.25742.t1_REV
Target172.292.t0_FOR	Target172.292.t0_REV
Target172.4502.t0_FOR	Target172.4502.t0_REV
Target172.8203.t1_FOR	Target172.8203.t1_REV
Target173.10940.t1_FOR	Target173.10940.t1_REV
Target173.13728.t0_FOR	Target173.13728.t0_REV
Target173.15675.t1_FOR	Target173.15675.t1_REV
Target173.18257.t1_FOR	Target173.18257.t1_REV
Target173.18308.t0_FOR	Target173.18308.t0_REV
Target173.2532.t0_FOR	Target173.2532.t0_REV
Target173.5092.t1_FOR	Target173.5092.t1_REV
Target173.5390.t0_FOR	Target173.5390.t0_REV
Target173.6047.t1_FOR	Target173.6047.t1_REV
Target173.9509.t0_FOR	Target173.9509.t0_REV
Target174.11940.t0_FOR	Target174.11940.t0_REV
Target174.13462.t1_FOR	Target174.13462.t1_REV
Target174.16379.t0_FOR	Target174.16379.t0_REV
Target174.1684.t0_FOR	Target174.1684.t0_REV
Target174.18009.t1_FOR	Target174.18009.t1_REV
Target174.19311.t0_FOR	Target174.19311.t0_REV
Target174.3806.t1_FOR	Target174.3806.t1_REV
Target174.6160.t0_FOR	Target174.6160.t0_REV
Target174.8108.t1_FOR	Target174.8108.t1_REV
Target174.9014.t0_FOR	Target174.9014.t0_REV
Target174.9111.t1_FOR	Target174.9111.t1_REV
Target175.12944.t1_FOR	Target175.12944.t1_REV
Target175.2877.t1_FOR	Target175.2877.t1_REV
Target175.320.t1_FOR	Target175.320.t1_REV
Target175.4519.t0_FOR	Target175.4519.t0_REV
Target175.5158.t1_FOR	Target175.5158.t1_REV
Target175.5364.t0_FOR	Target175.5364.t0_REV
Target175.6728.t1_FOR	Target175.6728.t1_REV
Target175.9460.t0_FOR	Target175.9460.t0_REV
Target175.963.t0_FOR	Target175.963.t0_REV
Target175_m1_FOR	Target175_m1_REV
Target176.10300.t0_FOR	Target176.10300.t0_REV
Target176.13699.t1_FOR	Target176.13699.t1_REV
Target176.16488.t0_FOR	Target176.16488.t0_REV
Target176.17094.t1_FOR	Target176.17094.t1_REV
Target176.18716.t0_FOR	Target176.18716.t0_REV
Target176.19723.t1_FOR	Target176.19723.t1_REV
Target176.20842.t0_FOR	Target176.20842.t0_REV
Target176.2518.t0_FOR	Target176.2518.t0_REV
Target176.5208.t1_FOR	Target176.5208.t1_REV
Target176.6904.t0_FOR	Target176.6904.t0_REV
Target176.8281.t1_FOR	Target176.8281.t1_REV
Target177.10067.t0_FOR	Target177.10067.t0_REV
Target177.12931.t1_FOR	Target177.12931.t1_REV
Target177.14211.t0_FOR	Target177.14211.t0_REV
Target177.15252.t1_FOR	Target177.15252.t1_REV
Target177.16767.t0_FOR	Target177.16767.t0_REV
Target177.3667.t1_FOR	Target177.3667.t1_REV
Target177.5404.t0_FOR	Target177.5404.t0_REV
Target177.717.t1_FOR	Target177.717.t1_REV
Target177.7882.t1_FOR	Target177.7882.t1_REV
Target178.10381.t1_FOR	Target178.10381.t1_REV
Target178.12266.t0_FOR	Target178.12266.t0_REV
Target178.13701.t1_FOR	Target178.13701.t1_REV
Target178.15.t1_FOR	Target178.15.t1_REV
Target178.15011.t0_FOR	Target178.15011.t0_REV
Target178.15736.t0_FOR	Target178.15736.t0_REV
Target178.1611.t1_FOR	Target178.1611.t1_REV
Target178.3361.t0_FOR	Target178.3361.t0_REV
Target178.5388.t1_FOR	Target178.5388.t1_REV
Target178.8289.t0_FOR	Target178.8289.t0_REV
Target178.861.t0_FOR	Target178.861.t0_REV
Target179.10448.t0_FOR	Target179.10448.t0_REV
Target179.107.t1_FOR	Target179.107.t1_REV
Target179.1231.t0_FOR	Target179.1231.t0_REV
Target179.12430.t1_FOR	Target179.12430.t1_REV
Target179.14650.t0_FOR	Target179.14650.t0_REV
Target179.17247.t1_FOR	Target179.17247.t1_REV
Target179.2048.t1_FOR	Target179.2048.t1_REV
Target179.3036.t0_FOR	Target179.3036.t0_REV
Target179.5267.t1_FOR	Target179.5267.t1_REV
Target179.5903.t0_FOR	Target179.5903.t0_REV
Target179.8252.t1_FOR	Target179.8252.t1_REV
Target18.11451.t1_FOR	Target18.11451.t1_REV
Target18.11491.t0_FOR	Target18.11491.t0_REV
Target18.1209.t1_FOR	Target18.1209.t1_REV
Target18.2852.t0_FOR	Target18.2852.t0_REV
Target18.4224.t1_FOR	Target18.4224.t1_REV
Target18.4442.t0_FOR	Target18.4442.t0_REV
Target18.5323.t1_FOR	Target18.5323.t1_REV
Target18.6264.t0_FOR	Target18.6264.t0_REV
Target18.8572.t1_FOR	Target18.8572.t1_REV
Target18.9556.t0_FOR	Target18.9556.t0_REV
Target180.11244.t0_FOR	Target180.11244.t0_REV
Target180.13001.t1_FOR	Target180.13001.t1_REV
Target180.1381.t0_FOR	Target180.1381.t0_REV
Target180.14722.t0_FOR	Target180.14722.t0_REV
Target180.15570.t1_FOR	Target180.15570.t1_REV
Target180.2305.t1_FOR	Target180.2305.t1_REV
Target180.3287.t0_FOR	Target180.3287.t0_REV
Target180.4819.t1_FOR	Target180.4819.t1_REV
Target180.7011.t0_FOR	Target180.7011.t0_REV
Target180.8611.t1_FOR	Target180.8611.t1_REV
Target181.13551.t0_FOR	Target181.13551.t0_REV
Target181.15397.t1_FOR	Target181.15397.t1_REV
Target181.1545.t0_FOR	Target181.1545.t0_REV
Target181.18147.t0_FOR	Target181.18147.t0_REV
Target181.2747.t1_FOR	Target181.2747.t1_REV
Target181.5220.t0_FOR	Target181.5220.t0_REV
Target181.6873.t1_FOR	Target181.6873.t1_REV
Target181.7894.t0_FOR	Target181.7894.t0_REV
Target181.8188.t0_FOR	Target181.8188.t0_REV
Target181.9865.t1_FOR	Target181.9865.t1_REV
Target181_m1_FOR	Target181_m1_REV
Target182.11798.t1_FOR	Target182.11798.t1_REV
Target182.13029.t0_FOR	Target182.13029.t0_REV
Target182.14677.t1_FOR	Target182.14677.t1_REV
Target182.16036.t0_FOR	Target182.16036.t0_REV
Target182.2212.t0_FOR	Target182.2212.t0_REV
Target182.3095.t1_FOR	Target182.3095.t1_REV
Target182.3680.t0_FOR	Target182.3680.t0_REV
Target182.6042.t1_FOR	Target182.6042.t1_REV
Target182.8686.t0_FOR	Target182.8686.t0_REV
Target182.965.t1_FOR	Target182.965.t1_REV
Target183.11695.t0_FOR	Target183.11695.t0_REV
Target183.14186.t1_FOR	Target183.14186.t1_REV
Target183.17320.t0_FOR	Target183.17320.t0_REV
Target183.20208.t1_FOR	Target183.20208.t1_REV
Target183.23572.t0_FOR	Target183.23572.t0_REV
Target183.3351.t0_FOR	Target183.3351.t0_REV
Target183.5650.t1_FOR	Target183.5650.t1_REV
Target183.707.t1_FOR	Target183.707.t1_REV
Target183.7317.t0_FOR	Target183.7317.t0_REV
Target183.8846.t1_FOR	Target183.8846.t1_REV
Target184.12379.t1_FOR	Target184.12379.t1_REV
Target184.16612.t0_FOR	Target184.16612.t0_REV
Target184.17962.t1_FOR	Target184.17962.t1_REV
Target184.21290.t0_FOR	Target184.21290.t0_REV
Target184.23173.t1_FOR	Target184.23173.t1_REV
Target184.2548.t1_FOR	Target184.2548.t1_REV
Target184.25771.t0_FOR	Target184.25771.t0_REV
Target184.4809.t0_FOR	Target184.4809.t0_REV
Target184.7036.t1_FOR	Target184.7036.t1_REV
Target184.9512.t0_FOR	Target184.9512.t0_REV
Target185.11228.t0_FOR	Target185.11228.t0_REV
Target185.13783.t1_FOR	Target185.13783.t1_REV
Target185.18126.t0_FOR	Target185.18126.t0_REV
Target185.20727.t1_FOR	Target185.20727.t1_REV
Target185.23890.t0_FOR	Target185.23890.t0_REV
Target185.25526.t1_FOR	Target185.25526.t1_REV
Target185.2690.t1_FOR	Target185.2690.t1_REV
Target185.3974.t0_FOR	Target185.3974.t0_REV
Target185.5102.t1_FOR	Target185.5102.t1_REV
Target185.7952.t0_FOR	Target185.7952.t0_REV
Target185.9199.t1_FOR	Target185.9199.t1_REV
Target186.12365.t0_FOR	Target186.12365.t0_REV
Target186.16234.t1_FOR	Target186.16234.t1_REV
Target186.18397.t0_FOR	Target186.18397.t0_REV
Target186.20306.t1_FOR	Target186.20306.t1_REV
Target186.22289.t0_FOR	Target186.22289.t0_REV
Target186.2263.t0_FOR	Target186.2263.t0_REV
Target186.25069.t1_FOR	Target186.25069.t1_REV
Target186.4122.t1_FOR	Target186.4122.t1_REV
Target186.6482.t0_FOR	Target186.6482.t0_REV
Target186.8754.t1_FOR	Target186.8754.t1_REV
Target187.10752.t1_FOR	Target187.10752.t1_REV
Target187.11351.t0_FOR	Target187.11351.t0_REV
Target187.12355.t1_FOR	Target187.12355.t1_REV
Target187.14757.t0_FOR	Target187.14757.t0_REV
Target187.16105.t1_FOR	Target187.16105.t1_REV
Target187.16970.t0_FOR	Target187.16970.t0_REV
Target187.2026.t0_FOR	Target187.2026.t0_REV
Target187.3469.t1_FOR	Target187.3469.t1_REV
Target187.8191.t1_FOR	Target187.8191.t1_REV
Target187.9928.t0_FOR	Target187.9928.t0_REV
Target187_m1_FOR	Target187_m1_REV
Target188.10203.t1_FOR	Target188.10203.t1_REV
Target188.1137.t1_FOR	Target188.1137.t1_REV
Target188.12546.t0_FOR	Target188.12546.t0_REV
Target188.14347.t1_FOR	Target188.14347.t1_REV
Target188.14856.t0_FOR	Target188.14856.t0_REV
Target188.16307.t1_FOR	Target188.16307.t1_REV
Target188.1936.t0_FOR	Target188.1936.t0_REV
Target188.2699.t1_FOR	Target188.2699.t1_REV
Target188.3244.t0_FOR	Target188.3244.t0_REV
Target188.4821.t1_FOR	Target188.4821.t1_REV
Target188.7101.t0_FOR	Target188.7101.t0_REV
Target189.11546.t1_FOR	Target189.11546.t1_REV
Target189.11898.t0_FOR	Target189.11898.t0_REV
Target189.12894.t1_FOR	Target189.12894.t1_REV
Target189.14742.t0_FOR	Target189.14742.t0_REV
Target189.17909.t1_FOR	Target189.17909.t1_REV
Target189.21012.t0_FOR	Target189.21012.t0_REV
Target189.2307.t0_FOR	Target189.2307.t0_REV
Target189.24996.t1_FOR	Target189.24996.t1_REV
Target189.26267.t0_FOR	Target189.26267.t0_REV
Target189.5845.t1_FOR	Target189.5845.t1_REV
Target189.7967.t0_FOR	Target189.7967.t0_REV
Target19.10756.t0_FOR	Target19.10756.t0_REV
Target19.12191.t1_FOR	Target19.12191.t1_REV
Target19.13135.t0_FOR	Target19.13135.t0_REV
Target19.13921.t1_FOR	Target19.13921.t1_REV
Target19.1402.t1_FOR	Target19.1402.t1_REV
Target19.15029.t0_FOR	Target19.15029.t0_REV
Target19.2975.t0_FOR	Target19.2975.t0_REV
Target19.6016.t1_FOR	Target19.6016.t1_REV
Target19.7728.t0_FOR	Target19.7728.t0_REV
Target19.9712.t1_FOR	Target19.9712.t1_REV
Target190.10025.t1_FOR	Target190.10025.t1_REV
Target190.13450.t0_FOR	Target190.13450.t0_REV
Target190.1617.t0_FOR	Target190.1617.t0_REV
Target190.16454.t1_FOR	Target190.16454.t1_REV
Target190.20068.t0_FOR	Target190.20068.t0_REV
Target190.21758.t1_FOR	Target190.21758.t1_REV
Target190.22943.t0_FOR	Target190.22943.t0_REV
Target190.23928.t1_FOR	Target190.23928.t1_REV
Target190.3465.t1_FOR	Target190.3465.t1_REV
Target190.607.t1_FOR	Target190.607.t1_REV
Target190.6256.t0_FOR	Target190.6256.t0_REV
Target191.10014.t0_FOR	Target191.10014.t0_REV
Target191.10471.t1_FOR	Target191.10471.t1_REV
Target191.1174.t0_FOR	Target191.1174.t0_REV
Target191.2141.t1_FOR	Target191.2141.t1_REV
Target191.2887.t0_FOR	Target191.2887.t0_REV
Target191.3811.t1_FOR	Target191.3811.t1_REV
Target191.4581.t0_FOR	Target191.4581.t0_REV
Target191.5738.t1_FOR	Target191.5738.t1_REV
Target191.6721.t0_FOR	Target191.6721.t0_REV
Target191.8542.t1_FOR	Target191.8542.t1_REV
Target20.1418.t0_FOR	Target20.1418.t0_REV
Target20.4522.t1_FOR	Target20.4522.t1_REV
Target20.5926.t0_FOR	Target20.5926.t0_REV
Target20.7064.t1_FOR	Target20.7064.t1_REV
Target20.947.t1_FOR	Target20.947.t1_REV
Target20.9546.t0_FOR	Target20.9546.t0_REV
Target20.9946.t1_FOR	Target20.9946.t1_REV
Target20_m1_FOR	Target20_m1_REV
Target20_m2_FOR	Target20_m2_REV
Target21.11037.t0_FOR	Target21.11037.t0_REV
Target21.13372.t1_FOR	Target21.13372.t1_REV
Target21.15139.t0_FOR	Target21.15139.t0_REV
Target21.1966.t1_FOR	Target21.1966.t1_REV
Target21.2438.t0_FOR	Target21.2438.t0_REV
Target21.406.t0_FOR	Target21.406.t0_REV
Target21.4964.t1_FOR	Target21.4964.t1_REV
Target21.7131.t0_FOR	Target21.7131.t0_REV
Target21.8143.t1_FOR	Target21.8143.t1_REV
Target21.9139.t0_FOR	Target21.9139.t0_REV
Target21.9727.t1_FOR	Target21.9727.t1_REV
Target22.10996.t1_FOR	Target22.10996.t1_REV
Target22.12757.t0_FOR	Target22.12757.t0_REV
Target22.14085.t1_FOR	Target22.14085.t1_REV
Target22.1517.t1_FOR	Target22.1517.t1_REV
Target22.16659.t0_FOR	Target22.16659.t0_REV
Target22.3135.t0_FOR	Target22.3135.t0_REV
Target22.4934.t1_FOR	Target22.4934.t1_REV
Target22.5638.t0_FOR	Target22.5638.t0_REV
Target22.7146.t1_FOR	Target22.7146.t1_REV
Target22.9068.t0_FOR	Target22.9068.t0_REV
Target23.11674.t0_FOR	Target23.11674.t0_REV
Target23.11891.t1_FOR	Target23.11891.t1_REV
Target23.12873.t0_FOR	Target23.12873.t0_REV
Target23.14752.t1_FOR	Target23.14752.t1_REV
Target23.15944.t0_FOR	Target23.15944.t0_REV
Target23.17851.t1_FOR	Target23.17851.t1_REV
Target23.2164.t1_FOR	Target23.2164.t1_REV
Target23.4481.t0_FOR	Target23.4481.t0_REV
Target23.6946.t1_FOR	Target23.6946.t1_REV
Target23.8362.t0_FOR	Target23.8362.t0_REV
Target23.9520.t1_FOR	Target23.9520.t1_REV
Target24.11005.t0_FOR	Target24.11005.t0_REV
Target24.12607.t1_FOR	Target24.12607.t1_REV
Target24.14488.t0_FOR	Target24.14488.t0_REV
Target24.17155.t1_FOR	Target24.17155.t1_REV
Target24.19606.t0_FOR	Target24.19606.t0_REV
Target24.2286.t0_FOR	Target24.2286.t0_REV
Target24.23149.t1_FOR	Target24.23149.t1_REV
Target24.5170.t1_FOR	Target24.5170.t1_REV
Target24.8573.t0_FOR	Target24.8573.t0_REV
Target24.9661.t1_FOR	Target24.9661.t1_REV
Target25.12035.t0_FOR	Target25.12035.t0_REV
Target25.14477.t1_FOR	Target25.14477.t1_REV
Target25.16789.t0_FOR	Target25.16789.t0_REV
Target25.19562.t1_FOR	Target25.19562.t1_REV
Target25.2040.t0_FOR	Target25.2040.t0_REV
Target25.3462.t1_FOR	Target25.3462.t1_REV
Target25.5808.t0_FOR	Target25.5808.t0_REV
Target25.7918.t1_FOR	Target25.7918.t1_REV
Target25.8238.t0_FOR	Target25.8238.t0_REV
Target25.9804.t1_FOR	Target25.9804.t1_REV
Target26.11001.t0_FOR	Target26.11001.t0_REV
Target26.12086.t1_FOR	Target26.12086.t1_REV
Target26.13938.t0_FOR	Target26.13938.t0_REV
Target26.14499.t1_FOR	Target26.14499.t1_REV
Target26.16563.t0_FOR	Target26.16563.t0_REV
Target26.17686.t1_FOR	Target26.17686.t1_REV
Target26.20196.t0_FOR	Target26.20196.t0_REV
Target26.2154.t0_FOR	Target26.2154.t0_REV
Target26.3552.t1_FOR	Target26.3552.t1_REV
Target26.5758.t0_FOR	Target26.5758.t0_REV
Target26.8530.t1_FOR	Target26.8530.t1_REV
Target27.11562.t1_FOR	Target27.11562.t1_REV
Target27.14851.t0_FOR	Target27.14851.t0_REV
Target27.17428.t1_FOR	Target27.17428.t1_REV
Target27.19905.t0_FOR	Target27.19905.t0_REV
Target27.21649.t1_FOR	Target27.21649.t1_REV
Target27.2277.t0_FOR	Target27.2277.t0_REV
Target27.5015.t1_FOR	Target27.5015.t1_REV
Target27.631.t1_FOR	Target27.631.t1_REV
Target27.7163.t0_FOR	Target27.7163.t0_REV
Target27.8193.t1_FOR	Target27.8193.t1_REV
Target27.9349.t0_FOR	Target27.9349.t0_REV
Target28.11068.t0_FOR	Target28.11068.t0_REV
Target28.13505.t1_FOR	Target28.13505.t1_REV
Target28.17133.t0_FOR	Target28.17133.t0_REV
Target28.20169.t1_FOR	Target28.20169.t1_REV
Target28.2045.t0_FOR	Target28.2045.t0_REV
Target28.22780.t0_FOR	Target28.22780.t0_REV
Target28.4261.t1_FOR	Target28.4261.t1_REV
Target28.5255.t0_FOR	Target28.5255.t0_REV
Target28.5878.t1_FOR	Target28.5878.t1_REV
Target28.7210.t0_FOR	Target28.7210.t0_REV
Target28.9335.t1_FOR	Target28.9335.t1_REV
Target29.11205.t1_FOR	Target29.11205.t1_REV
Target29.12494.t0_FOR	Target29.12494.t0_REV
Target29.13978.t1_FOR	Target29.13978.t1_REV
Target29.16133.t0_FOR	Target29.16133.t0_REV
Target29.1762.t0_FOR	Target29.1762.t0_REV
Target29.2334.t1_FOR	Target29.2334.t1_REV
Target29.3939.t0_FOR	Target29.3939.t0_REV
Target29.6157.t1_FOR	Target29.6157.t1_REV
Target29.9133.t0_FOR	Target29.9133.t0_REV
Target30.11030.t1_FOR	Target30.11030.t1_REV
Target30.14208.t0_FOR	Target30.14208.t0_REV
Target30.1474.t0_FOR	Target30.1474.t0_REV
Target30.16461.t1_FOR	Target30.16461.t1_REV
Target30.18022.t0_FOR	Target30.18022.t0_REV
Target30.19255.t1_FOR	Target30.19255.t1_REV
Target30.2952.t1_FOR	Target30.2952.t1_REV
Target30.5630.t0_FOR	Target30.5630.t0_REV
Target30.7033.t1_FOR	Target30.7033.t1_REV
Target30.752.t1_FOR	Target30.752.t1_REV
Target30.8974.t0_FOR	Target30.8974.t0_REV
Target31.11457.t1_FOR	Target31.11457.t1_REV
Target31.14630.t0_FOR	Target31.14630.t0_REV
Target31.16785.t1_FOR	Target31.16785.t1_REV
Target31.18076.t0_FOR	Target31.18076.t0_REV
Target31.1810.t0_FOR	Target31.1810.t0_REV
Target31.20591.t1_FOR	Target31.20591.t1_REV
Target31.22555.t0_FOR	Target31.22555.t0_REV
Target31.25146.t1_FOR	Target31.25146.t1_REV
Target31.4643.t1_FOR	Target31.4643.t1_REV
Target31.8623.t0_FOR	Target31.8623.t0_REV
Target32.12507.t1_FOR	Target32.12507.t1_REV
Target32.1326.t0_FOR	Target32.1326.t0_REV
Target32.15947.t0_FOR	Target32.15947.t0_REV
Target32.18200.t1_FOR	Target32.18200.t1_REV
Target32.2412.t1_FOR	Target32.2412.t1_REV
Target32.4411.t0_FOR	Target32.4411.t0_REV
Target32.4898.t1_FOR	Target32.4898.t1_REV
Target32.6406.t0_FOR	Target32.6406.t0_REV
Target32.7452.t1_FOR	Target32.7452.t1_REV
Target32.9378.t0_FOR	Target32.9378.t0_REV
Target33.11933.t0_FOR	Target33.11933.t0_REV
Target33.14449.t1_FOR	Target33.14449.t1_REV
Target33.16794.t0_FOR	Target33.16794.t0_REV
Target33.19556.t1_FOR	Target33.19556.t1_REV
Target33.2607.t1_FOR	Target33.2607.t1_REV
Target33.4542.t0_FOR	Target33.4542.t0_REV
Target33.6367.t1_FOR	Target33.6367.t1_REV
Target33.8212.t0_FOR	Target33.8212.t0_REV
Target33.874.t0_FOR	Target33.874.t0_REV
Target33.9281.t1_FOR	Target33.9281.t1_REV
Target34.10071.t0_FOR	Target34.10071.t0_REV
Target34.11141.t1_FOR	Target34.11141.t1_REV
Target34.12339.t0_FOR	Target34.12339.t0_REV
Target34.13767.t1_FOR	Target34.13767.t1_REV
Target34.1787.t0_FOR	Target34.1787.t0_REV
Target34.3852.t1_FOR	Target34.3852.t1_REV
Target34.5658.t0_FOR	Target34.5658.t0_REV
Target34.7655.t1_FOR	Target34.7655.t1_REV
Target34.9173.t0_FOR	Target34.9173.t0_REV
Target34.9837.t1_FOR	Target34.9837.t1_REV
Target35.10308.t0_FOR	Target35.10308.t0_REV
Target35.13311.t1_FOR	Target35.13311.t1_REV
Target35.15881.t0_FOR	Target35.15881.t0_REV
Target35.18333.t1_FOR	Target35.18333.t1_REV
Target35.19014.t0_FOR	Target35.19014.t0_REV
Target35.2145.t0_FOR	Target35.2145.t0_REV
Target35.21783.t1_FOR	Target35.21783.t1_REV
Target35.4914.t1_FOR	Target35.4914.t1_REV
Target35.5601.t0_FOR	Target35.5601.t0_REV
Target35.8484.t1_FOR	Target35.8484.t1_REV
Target36.10028.t1_FOR	Target36.10028.t1_REV
Target36.11563.t0_FOR	Target36.11563.t0_REV
Target36.1253.t0_FOR	Target36.1253.t0_REV
Target36.13378.t1_FOR	Target36.13378.t1_REV
Target36.15263.t0_FOR	Target36.15263.t0_REV
Target36.16623.t1_FOR	Target36.16623.t1_REV
Target36.2684.t1_FOR	Target36.2684.t1_REV
Target36.4487.t0_FOR	Target36.4487.t0_REV
Target36.6543.t1_FOR	Target36.6543.t1_REV
Target36.7824.t0_FOR	Target36.7824.t0_REV
Target37.11565.t0_FOR	Target37.11565.t0_REV
Target37.14275.t1_FOR	Target37.14275.t1_REV
Target37.16665.t0_FOR	Target37.16665.t0_REV
Target37.1843.t1_FOR	Target37.1843.t1_REV
Target37.19435.t1_FOR	Target37.19435.t1_REV
Target37.22558.t0_FOR	Target37.22558.t0_REV
Target37.3296.t0_FOR	Target37.3296.t0_REV
Target37.4233.t1_FOR	Target37.4233.t1_REV
Target37.575.t0_FOR	Target37.575.t0_REV
Target37.5845.t0_FOR	Target37.5845.t0_REV
Target37.7764.t1_FOR	Target37.7764.t1_REV
Target38.10730.t0_FOR	Target38.10730.t0_REV
Target38.13090.t1_FOR	Target38.13090.t1_REV
Target38.16959.t0_FOR	Target38.16959.t0_REV
Target38.1829.t1_FOR	Target38.1829.t1_REV
Target38.21224.t0_FOR	Target38.21224.t0_REV
Target38.4043.t0_FOR	Target38.4043.t0_REV
Target38.5314.t1_FOR	Target38.5314.t1_REV
Target38.7128.t0_FOR	Target38.7128.t0_REV
Target38.8908.t1_FOR	Target38.8908.t1_REV
Target38_m_FOR	Target38_m_REV
Target39.10546.t1_FOR	Target39.10546.t1_REV
Target39.13271.t0_FOR	Target39.13271.t0_REV
Target39.14829.t1_FOR	Target39.14829.t1_REV
Target39.16962.t0_FOR	Target39.16962.t0_REV
Target39.19188.t1_FOR	Target39.19188.t1_REV
Target39.21643.t0_FOR	Target39.21643.t0_REV
Target39.2247.t1_FOR	Target39.2247.t1_REV
Target39.4693.t0_FOR	Target39.4693.t0_REV
Target39.6711.t1_FOR	Target39.6711.t1_REV
Target39.8971.t0_FOR	Target39.8971.t0_REV
Target40.13176.t1_FOR	Target40.13176.t1_REV
Target40.16027.t0_FOR	Target40.16027.t0_REV
Target40.1649.t1_FOR	Target40.1649.t1_REV
Target40.19367.t1_FOR	Target40.19367.t1_REV
Target40.20922.t0_FOR	Target40.20922.t0_REV
Target40.22694.t1_FOR	Target40.22694.t1_REV
Target40.2846.t0_FOR	Target40.2846.t0_REV
Target40.4096.t1_FOR	Target40.4096.t1_REV
Target40.5325.t0_FOR	Target40.5325.t0_REV
Target40.7391.t1_FOR	Target40.7391.t1_REV
Target40.9424.t0_FOR	Target40.9424.t0_REV
Target40_m1_FOR	Target40_m1_REV
Target41.11893.t1_FOR	Target41.11893.t1_REV
Target41.14591.t0_FOR	Target41.14591.t0_REV
Target41.16065.t1_FOR	Target41.16065.t1_REV
Target41.17540.t0_FOR	Target41.17540.t0_REV
Target41.17813.t1_FOR	Target41.17813.t1_REV
Target41.2582.t0_FOR	Target41.2582.t0_REV
Target41.4736.t0_FOR	Target41.4736.t0_REV
Target41.6570.t1_FOR	Target41.6570.t1_REV
Target41.9155.t0_FOR	Target41.9155.t0_REV
Target42.10365.t0_FOR	Target42.10365.t0_REV
Target42.12245.t1_FOR	Target42.12245.t1_REV
Target42.13098.t0_FOR	Target42.13098.t0_REV
Target42.3806.t1_FOR	Target42.3806.t1_REV
Target42.4225.t0_FOR	Target42.4225.t0_REV
Target42.4484.t1_FOR	Target42.4484.t1_REV
Target42.5230.t0_FOR	Target42.5230.t0_REV
Target42.6446.t1_FOR	Target42.6446.t1_REV
Target42.702.t0_FOR	Target42.702.t0_REV
Target42.7515.t0_FOR	Target42.7515.t0_REV
Target42.9016.t1_FOR	Target42.9016.t1_REV
Target43.10051.t0_FOR	Target43.10051.t0_REV
Target43.10838.t1_FOR	Target43.10838.t1_REV
Target43.12446.t0_FOR	Target43.12446.t0_REV
Target43.14737.t1_FOR	Target43.14737.t1_REV
Target43.16752.t0_FOR	Target43.16752.t0_REV
Target43.255.t1_FOR	Target43.255.t1_REV
Target43.5191.t1_FOR	Target43.5191.t1_REV
Target43.8155.t0_FOR	Target43.8155.t0_REV
Target43.9710.t1_FOR	Target43.9710.t1_REV
Target43_m1_FOR	Target43_m1_REV
Target44.11229.t0_FOR	Target44.11229.t0_REV
Target44.1182.t1_FOR	Target44.1182.t1_REV
Target44.12739.t1_FOR	Target44.12739.t1_REV
Target44.2082.t0_FOR	Target44.2082.t0_REV
Target44.2687.t1_FOR	Target44.2687.t1_REV
Target44.4681.t0_FOR	Target44.4681.t0_REV
Target44.6698.t1_FOR	Target44.6698.t1_REV
Target44.7487.t0_FOR	Target44.7487.t0_REV
Target44.8586.t1_FOR	Target44.8586.t1_REV
Target44.8825.t0_FOR	Target44.8825.t0_REV
Target44.9842.t1_FOR	Target44.9842.t1_REV
Target45.12831.t0_FOR	Target45.12831.t0_REV
Target45.13388.t1_FOR	Target45.13388.t1_REV
Target45.1428.t1_FOR	Target45.1428.t1_REV
Target45.15944.t0_FOR	Target45.15944.t0_REV
Target45.3069.t0_FOR	Target45.3069.t0_REV
Target45.416.t0_FOR	Target45.416.t0_REV
Target45.4424.t1_FOR	Target45.4424.t1_REV
Target45.6202.t0_FOR	Target45.6202.t0_REV
Target45.7028.t1_FOR	Target45.7028.t1_REV
Target45.9523.t1_FOR	Target45.9523.t1_REV
Target45.9579.t0_FOR	Target45.9579.t0_REV
Target46.1046.t1_FOR	Target46.1046.t1_REV
Target46.10859.t0_FOR	Target46.10859.t0_REV
Target46.13128.t1_FOR	Target46.13128.t1_REV
Target46.1523.t0_FOR	Target46.1523.t0_REV
Target46.15434.t0_FOR	Target46.15434.t0_REV
Target46.18426.t1_FOR	Target46.18426.t1_REV
Target46.2510.t1_FOR	Target46.2510.t1_REV
Target46.3036.t0_FOR	Target46.3036.t0_REV
Target46.4050.t1_FOR	Target46.4050.t1_REV
Target46.5960.t0_FOR	Target46.5960.t0_REV
Target46.8262.t1_FOR	Target46.8262.t1_REV
Target47.1190.t0_FOR	Target47.1190.t0_REV
Target47.1284.t1_FOR	Target47.1284.t1_REV
Target47.13172.t0_FOR	Target47.13172.t0_REV
Target47.15305.t1_FOR	Target47.15305.t1_REV
Target47.1689.t0_FOR	Target47.1689.t0_REV
Target47.17625.t0_FOR	Target47.17625.t0_REV
Target47.19726.t1_FOR	Target47.19726.t1_REV
Target47.3799.t1_FOR	Target47.3799.t1_REV
Target47.6863.t0_FOR	Target47.6863.t0_REV
Target47.8961.t1_FOR	Target47.8961.t1_REV
Target48.10819.t0_FOR	Target48.10819.t0_REV
Target48.11975.t1_FOR	Target48.11975.t1_REV
Target48.12441.t0_FOR	Target48.12441.t0_REV
Target48.14542.t1_FOR	Target48.14542.t1_REV
Target48.16619.t0_FOR	Target48.16619.t0_REV
Target48.17966.t1_FOR	Target48.17966.t1_REV
Target48.2556.t0_FOR	Target48.2556.t0_REV
Target48.4987.t1_FOR	Target48.4987.t1_REV
Target48.7344.t0_FOR	Target48.7344.t0_REV
Target48.9521.t1_FOR	Target48.9521.t1_REV
Target49.11410.t1_FOR	Target49.11410.t1_REV
Target49.13519.t0_FOR	Target49.13519.t0_REV
Target49.14290.t1_FOR	Target49.14290.t1_REV
Target49.2587.t0_FOR	Target49.2587.t0_REV
Target49.5179.t1_FOR	Target49.5179.t1_REV
Target49.6365.t0_FOR	Target49.6365.t0_REV
Target49.6633.t1_FOR	Target49.6633.t1_REV
Target49.8785.t0_FOR	Target49.8785.t0_REV
Target49_m1_FOR	Target49_m1_REV
Target50.11834.t1_FOR	Target50.11834.t1_REV
Target50.13527.t0_FOR	Target50.13527.t0_REV
Target50.13942.t1_FOR	Target50.13942.t1_REV
Target50.15875.t0_FOR	Target50.15875.t0_REV
Target50.1933.t0_FOR	Target50.1933.t0_REV
Target50.2933.t1_FOR	Target50.2933.t1_REV
Target50.4905.t0_FOR	Target50.4905.t0_REV
Target50.5583.t1_FOR	Target50.5583.t1_REV
Target50.6337.t0_FOR	Target50.6337.t0_REV
Target50.7256.t1_FOR	Target50.7256.t1_REV
Target50.9538.t0_FOR	Target50.9538.t0_REV
Target51.11006.t1_FOR	Target51.11006.t1_REV
Target51.13697.t0_FOR	Target51.13697.t0_REV
Target51.1419.t1_FOR	Target51.1419.t1_REV
Target51.2929.t0_FOR	Target51.2929.t0_REV
Target51.335.t1_FOR	Target51.335.t1_REV
Target51.5473.t1_FOR	Target51.5473.t1_REV
Target51.629.t0_FOR	Target51.629.t0_REV
Target51.8254.t0_FOR	Target51.8254.t0_REV
Target51.8948.t1_FOR	Target51.8948.t1_REV
Target51.9559.t0_FOR	Target51.9559.t0_REV
Target51_m1_FOR	Target51_m1_REV
Target52.12281.t0_FOR	Target52.12281.t0_REV
Target52.13318.t1_FOR	Target52.13318.t1_REV
Target52.14844.t0_FOR	Target52.14844.t0_REV
Target52.1537.t1_FOR	Target52.1537.t1_REV
Target52.16273.t1_FOR	Target52.16273.t1_REV
Target52.18627.t0_FOR	Target52.18627.t0_REV
Target52.2745.t0_FOR	Target52.2745.t0_REV
Target52.4516.t1_FOR	Target52.4516.t1_REV
Target52.7644.t0_FOR	Target52.7644.t0_REV
Target52.9859.t1_FOR	Target52.9859.t1_REV
Target53.12133.t1_FOR	Target53.12133.t1_REV
Target53.14836.t0_FOR	Target53.14836.t0_REV
Target53.18919.t1_FOR	Target53.18919.t1_REV
Target53.21350.t0_FOR	Target53.21350.t0_REV
Target53.25176.t1_FOR	Target53.25176.t1_REV
Target53.2595.t1_FOR	Target53.2595.t1_REV
Target53.26413.t0_FOR	Target53.26413.t0_REV
Target53.5160.t0_FOR	Target53.5160.t0_REV
Target53.6965.t1_FOR	Target53.6965.t1_REV
Target53.9097.t0_FOR	Target53.9097.t0_REV
Target54.11630.t0_FOR	Target54.11630.t0_REV
Target54.1199.t1_FOR	Target54.1199.t1_REV
Target54.13006.t1_FOR	Target54.13006.t1_REV
Target54.14797.t0_FOR	Target54.14797.t0_REV
Target54.16225.t1_FOR	Target54.16225.t1_REV
Target54.18826.t0_FOR	Target54.18826.t0_REV
Target54.21043.t1_FOR	Target54.21043.t1_REV
Target54.4224.t0_FOR	Target54.4224.t0_REV
Target54.6018.t1_FOR	Target54.6018.t1_REV
Target54.7432.t0_FOR	Target54.7432.t0_REV
Target54.9292.t1_FOR	Target54.9292.t1_REV
Target55.11474.t1_FOR	Target55.11474.t1_REV
Target55.13575.t0_FOR	Target55.13575.t0_REV
Target55.16650.t1_FOR	Target55.16650.t1_REV
Target55.17525.t0_FOR	Target55.17525.t0_REV
Target55.1899.t0_FOR	Target55.1899.t0_REV
Target55.21063.t1_FOR	Target55.21063.t1_REV
Target55.21623.t0_FOR	Target55.21623.t0_REV
Target55.6009.t1_FOR	Target55.6009.t1_REV
Target55.8774.t0_FOR	Target55.8774.t0_REV
Target56.1039.t0_FOR	Target56.1039.t0_REV
Target56.10920.t0_FOR	Target56.10920.t0_REV
Target56.11618.t1_FOR	Target56.11618.t1_REV
Target56.14629.t0_FOR	Target56.14629.t0_REV
Target56.17355.t1_FOR	Target56.17355.t1_REV
Target56.221.t1_FOR	Target56.221.t1_REV
Target56.2383.t1_FOR	Target56.2383.t1_REV
Target56.3744.t0_FOR	Target56.3744.t0_REV
Target56.5024.t1_FOR	Target56.5024.t1_REV
Target56.8406.t1_FOR	Target56.8406.t1_REV
Target56_m1_FOR	Target56_m1_REV
Target57.10629.t0_FOR	Target57.10629.t0_REV
Target57.12119.t1_FOR	Target57.12119.t1_REV
Target57.13976.t0_FOR	Target57.13976.t0_REV
Target57.15664.t1_FOR	Target57.15664.t1_REV
Target57.17161.t0_FOR	Target57.17161.t0_REV
Target57.18738.t1_FOR	Target57.18738.t1_REV
Target57.2208.t0_FOR	Target57.2208.t0_REV
Target57.4504.t1_FOR	Target57.4504.t1_REV
Target57.7275.t0_FOR	Target57.7275.t0_REV
Target57.9000.t1_FOR	Target57.9000.t1_REV
Target58.11700.t1_FOR	Target58.11700.t1_REV
Target58.14588.t0_FOR	Target58.14588.t0_REV
Target58.15573.t1_FOR	Target58.15573.t1_REV
Target58.17676.t0_FOR	Target58.17676.t0_REV
Target58.19197.t1_FOR	Target58.19197.t1_REV
Target58.1944.t0_FOR	Target58.1944.t0_REV
Target58.3807.t1_FOR	Target58.3807.t1_REV
Target58.6462.t0_FOR	Target58.6462.t0_REV
Target58.8261.t1_FOR	Target58.8261.t1_REV
Target58.9989.t0_FOR	Target58.9989.t0_REV
Target59.12050.t0_FOR	Target59.12050.t0_REV
Target59.14612.t1_FOR	Target59.14612.t1_REV
Target59.15561.t0_FOR	Target59.15561.t0_REV
Target59.1591.t0_FOR	Target59.1591.t0_REV
Target59.16707.t1_FOR	Target59.16707.t1_REV
Target59.18283.t0_FOR	Target59.18283.t0_REV
Target59.2973.t1_FOR	Target59.2973.t1_REV
Target59.4394.t0_FOR	Target59.4394.t0_REV
Target59.6312.t1_FOR	Target59.6312.t1_REV
Target59.7956.t0_FOR	Target59.7956.t0_REV
Target59.9956.t1_FOR	Target59.9956.t1_REV
Target60.10175.t0_FOR	Target60.10175.t0_REV
Target60.13666.t1_FOR	Target60.13666.t1_REV
Target60.14925.t0_FOR	Target60.14925.t0_REV
Target60.17099.t1_FOR	Target60.17099.t1_REV
Target60.18603.t0_FOR	Target60.18603.t0_REV
Target60.20832.t1_FOR	Target60.20832.t1_REV
Target60.2119.t1_FOR	Target60.2119.t1_REV
Target60.21489.t0_FOR	Target60.21489.t0_REV
Target60.23415.t1_FOR	Target60.23415.t1_REV
Target60.4650.t0_FOR	Target60.4650.t0_REV
Target60.7866.t1_FOR	Target60.7866.t1_REV
Target61.12390.t1_FOR	Target61.12390.t1_REV
Target61.15926.t0_FOR	Target61.15926.t0_REV
Target61.19211.t1_FOR	Target61.19211.t1_REV
Target61.21936.t0_FOR	Target61.21936.t0_REV
Target61.23873.t1_FOR	Target61.23873.t1_REV
Target61.2412.t0_FOR	Target61.2412.t0_REV
Target61.28405.t0_FOR	Target61.28405.t0_REV
Target61.5297.t1_FOR	Target61.5297.t1_REV
Target61.8524.t0_FOR	Target61.8524.t0_REV
Target62.10793.t0_FOR	Target62.10793.t0_REV
Target62.13475.t1_FOR	Target62.13475.t1_REV
Target62.15895.t0_FOR	Target62.15895.t0_REV
Target62.18509.t1_FOR	Target62.18509.t1_REV
Target62.21627.t0_FOR	Target62.21627.t0_REV
Target62.2195.t1_FOR	Target62.2195.t1_REV
Target62.24466.t1_FOR	Target62.24466.t1_REV
Target62.25463.t0_FOR	Target62.25463.t0_REV
Target62.27365.t1_FOR	Target62.27365.t1_REV
Target62.3502.t0_FOR	Target62.3502.t0_REV
Target62.7443.t1_FOR	Target62.7443.t1_REV
Target63.10305.t1_FOR	Target63.10305.t1_REV
Target63.10936.t0_FOR	Target63.10936.t0_REV
Target63.12169.t1_FOR	Target63.12169.t1_REV
Target63.14455.t0_FOR	Target63.14455.t0_REV
Target63.16839.t1_FOR	Target63.16839.t1_REV
Target63.19603.t0_FOR	Target63.19603.t0_REV
Target63.3194.t1_FOR	Target63.3194.t1_REV
Target63.4200.t0_FOR	Target63.4200.t0_REV
Target63.6648.t1_FOR	Target63.6648.t1_REV
Target63.8341.t0_FOR	Target63.8341.t0_REV
Target63.973.t0_FOR	Target63.973.t0_REV
Target64.10759.t1_FOR	Target64.10759.t1_REV
Target64.11976.t0_FOR	Target64.11976.t0_REV
Target64.1247.t1_FOR	Target64.1247.t1_REV
Target64.12695.t1_FOR	Target64.12695.t1_REV
Target64.13365.t0_FOR	Target64.13365.t0_REV
Target64.15166.t1_FOR	Target64.15166.t1_REV
Target64.3026.t0_FOR	Target64.3026.t0_REV
Target64.4128.t1_FOR	Target64.4128.t1_REV
Target64.5434.t0_FOR	Target64.5434.t0_REV
Target64.6591.t1_FOR	Target64.6591.t1_REV
Target64.9393.t0_FOR	Target64.9393.t0_REV
Target65.10294.t0_FOR	Target65.10294.t0_REV
Target65.12865.t1_FOR	Target65.12865.t1_REV
Target65.1418.t0_FOR	Target65.1418.t0_REV
Target65.16376.t0_FOR	Target65.16376.t0_REV
Target65.18183.t1_FOR	Target65.18183.t1_REV
Target65.19107.t0_FOR	Target65.19107.t0_REV
Target65.20248.t1_FOR	Target65.20248.t1_REV
Target65.2699.t1_FOR	Target65.2699.t1_REV
Target65.3760.t0_FOR	Target65.3760.t0_REV
Target65.6237.t1_FOR	Target65.6237.t1_REV
Target66.10606.t1_FOR	Target66.10606.t1_REV
Target66.1063.t0_FOR	Target66.1063.t0_REV
Target66.14196.t0_FOR	Target66.14196.t0_REV
Target66.16482.t1_FOR	Target66.16482.t1_REV
Target66.18344.t0_FOR	Target66.18344.t0_REV
Target66.2025.t1_FOR	Target66.2025.t1_REV
Target66.20769.t1_FOR	Target66.20769.t1_REV
Target66.21859.t0_FOR	Target66.21859.t0_REV
Target66.3407.t0_FOR	Target66.3407.t0_REV
Target66.4633.t1_FOR	Target66.4633.t1_REV
Target66.6938.t0_FOR	Target66.6938.t0_REV
Target67.11001.t0_FOR	Target67.11001.t0_REV
Target67.11734.t1_FOR	Target67.11734.t1_REV
Target67.12553.t0_FOR	Target67.12553.t0_REV
Target67.12830.t1_FOR	Target67.12830.t1_REV
Target67.13769.t0_FOR	Target67.13769.t0_REV
Target67.1725.t1_FOR	Target67.1725.t1_REV
Target67.2354.t0_FOR	Target67.2354.t0_REV
Target67.3648.t1_FOR	Target67.3648.t1_REV
Target67.5433.t0_FOR	Target67.5433.t0_REV
Target67.7204.t1_FOR	Target67.7204.t1_REV
Target67.7758.t0_FOR	Target67.7758.t0_REV
Target67.9360.t1_FOR	Target67.9360.t1_REV
Target68.10071.t0_FOR	Target68.10071.t0_REV
Target68.11881.t1_FOR	Target68.11881.t1_REV
Target68.12934.t0_FOR	Target68.12934.t0_REV
Target68.14669.t1_FOR	Target68.14669.t1_REV
Target68.16222.t0_FOR	Target68.16222.t0_REV
Target68.2226.t0_FOR	Target68.2226.t0_REV
Target68.4625.t1_FOR	Target68.4625.t1_REV
Target68.6011.t0_FOR	Target68.6011.t0_REV
Target68.8154.t1_FOR	Target68.8154.t1_REV
Target68.826.t1_FOR	Target68.826.t1_REV
Target69.11206.t1_FOR	Target69.11206.t1_REV
Target69.13142.t0_FOR	Target69.13142.t0_REV
Target69.15580.t1_FOR	Target69.15580.t1_REV
Target69.1730.t1_FOR	Target69.1730.t1_REV
Target69.18001.t0_FOR	Target69.18001.t0_REV
Target69.19618.t1_FOR	Target69.19618.t1_REV
Target69.20788.t0_FOR	Target69.20788.t0_REV
Target69.21458.t1_FOR	Target69.21458.t1_REV
Target69.4459.t0_FOR	Target69.4459.t0_REV
Target69.6694.t1_FOR	Target69.6694.t1_REV
Target69.9044.t0_FOR	Target69.9044.t0_REV
Target7.7290.t0_FOR	Target7.7290.t0_REV
Target7.7815.t1_FOR	Target7.7815.t1_REV
Target7.8664.t0_FOR	Target7.8664.t0_REV
Target70.11161.t0_FOR	Target70.11161.t0_REV
Target70.1376.t0_FOR	Target70.1376.t0_REV
Target70.15123.t1_FOR	Target70.15123.t1_REV
Target70.16407.t0_FOR	Target70.16407.t0_REV
Target70.18991.t1_FOR	Target70.18991.t1_REV
Target70.2880.t1_FOR	Target70.2880.t1_REV
Target70.4036.t0_FOR	Target70.4036.t0_REV
Target70.4759.t1_FOR	Target70.4759.t1_REV
Target70.6938.t0_FOR	Target70.6938.t0_REV
Target70.8915.t1_FOR	Target70.8915.t1_REV
Target71.1044.t0_FOR	Target71.1044.t0_REV
Target71.11335.t0_FOR	Target71.11335.t0_REV
Target71.13016.t1_FOR	Target71.13016.t1_REV
Target71.14650.t0_FOR	Target71.14650.t0_REV
Target71.15587.t1_FOR	Target71.15587.t1_REV
Target71.17110.t0_FOR	Target71.17110.t0_REV
Target71.3085.t1_FOR	Target71.3085.t1_REV
Target71.4098.t0_FOR	Target71.4098.t0_REV
Target71.6152.t1_FOR	Target71.6152.t1_REV
Target71.7619.t0_FOR	Target71.7619.t0_REV
Target71.8834.t1_FOR	Target71.8834.t1_REV
Target72.10564.t1_FOR	Target72.10564.t1_REV
Target72.12239.t0_FOR	Target72.12239.t0_REV
Target72.14217.t1_FOR	Target72.14217.t1_REV
Target72.15702.t0_FOR	Target72.15702.t0_REV
Target72.1894.t1_FOR	Target72.1894.t1_REV
Target72.2544.t0_FOR	Target72.2544.t0_REV
Target72.4075.t0_FOR	Target72.4075.t0_REV
Target72.5313.t1_FOR	Target72.5313.t1_REV
Target72.7732.t0_FOR	Target72.7732.t0_REV
Target72_m1_FOR	Target72_m1_REV
Target73.10086.t0_FOR	Target73.10086.t0_REV
Target73.12890.t1_FOR	Target73.12890.t1_REV
Target73.16212.t0_FOR	Target73.16212.t0_REV
Target73.19480.t1_FOR	Target73.19480.t1_REV
Target73.21919.t0_FOR	Target73.21919.t0_REV
Target73.2222.t0_FOR	Target73.2222.t0_REV
Target73.24151.t1_FOR	Target73.24151.t1_REV
Target73.4591.t1_FOR	Target73.4591.t1_REV
Target73.5831.t0_FOR	Target73.5831.t0_REV
Target73.7295.t1_FOR	Target73.7295.t1_REV
Target73.880.t1_FOR	Target73.880.t1_REV
Target74.10560.t1_FOR	Target74.10560.t1_REV
Target74.13357.t0_FOR	Target74.13357.t0_REV
Target74.15141.t1_FOR	Target74.15141.t1_REV
Target74.1751.t0_FOR	Target74.1751.t0_REV
Target74.19427.t0_FOR	Target74.19427.t0_REV
Target74.22242.t1_FOR	Target74.22242.t1_REV
Target74.2473.t1_FOR	Target74.2473.t1_REV
Target74.5036.t0_FOR	Target74.5036.t0_REV
Target74.7032.t1_FOR	Target74.7032.t1_REV
Target74.9175.t0_FOR	Target74.9175.t0_REV
Target75.10695.t1_FOR	Target75.10695.t1_REV
Target75.12302.t0_FOR	Target75.12302.t0_REV
Target75.14422.t1_FOR	Target75.14422.t1_REV
Target75.17266.t0_FOR	Target75.17266.t0_REV
Target75.1921.t0_FOR	Target75.1921.t0_REV
Target75.19667.t1_FOR	Target75.19667.t1_REV
Target75.21606.t0_FOR	Target75.21606.t0_REV
Target75.24141.t1_FOR	Target75.24141.t1_REV
Target75.4996.t1_FOR	Target75.4996.t1_REV
Target75.7951.t0_FOR	Target75.7951.t0_REV
Target76.10010.t1_FOR	Target76.10010.t1_REV
Target76.12229.t0_FOR	Target76.12229.t0_REV
Target76.1484.t0_FOR	Target76.1484.t0_REV
Target76.17082.t1_FOR	Target76.17082.t1_REV
Target76.18022.t0_FOR	Target76.18022.t0_REV
Target76.20530.t0_FOR	Target76.20530.t0_REV
Target76.21379.t1_FOR	Target76.21379.t1_REV
Target76.23256.t1_FOR	Target76.23256.t1_REV
Target76.4705.t1_FOR	Target76.4705.t1_REV
Target76.7011.t0_FOR	Target76.7011.t0_REV
Target77.11466.t0_FOR	Target77.11466.t0_REV
Target77.14727.t1_FOR	Target77.14727.t1_REV
Target77.19008.t0_FOR	Target77.19008.t0_REV
Target77.2368.t1_FOR	Target77.2368.t1_REV
Target77.3998.t0_FOR	Target77.3998.t0_REV
Target77.5298.t1_FOR	Target77.5298.t1_REV
Target77.6518.t0_FOR	Target77.6518.t0_REV
Target77.6968.t1_FOR	Target77.6968.t1_REV
Target77.742.t0_FOR	Target77.742.t0_REV
Target77.8402.t0_FOR	Target77.8402.t0_REV
Target77.9234.t1_FOR	Target77.9234.t1_REV
Target77_m1_FOR	Target77_m1_REV
Target78.10395.t0_FOR	Target78.10395.t0_REV
Target78.12207.t1_FOR	Target78.12207.t1_REV
Target78.14630.t0_FOR	Target78.14630.t0_REV
Target78.16301.t1_FOR	Target78.16301.t1_REV
Target78.17287.t0_FOR	Target78.17287.t0_REV
Target78.2514.t0_FOR	Target78.2514.t0_REV
Target78.4354.t1_FOR	Target78.4354.t1_REV
Target78.6542.t0_FOR	Target78.6542.t0_REV
Target78.8318.t1_FOR	Target78.8318.t1_REV
Target79.11563.t1_FOR	Target79.11563.t1_REV
Target79.12815.t0_FOR	Target79.12815.t0_REV
Target79.15767.t1_FOR	Target79.15767.t1_REV
Target79.18458.t0_FOR	Target79.18458.t0_REV
Target79.2629.t0_FOR	Target79.2629.t0_REV
Target79.4524.t1_FOR	Target79.4524.t1_REV
Target79.5653.t0_FOR	Target79.5653.t0_REV
Target79.7145.t1_FOR	Target79.7145.t1_REV
Target79.779.t1_FOR	Target79.779.t1_REV
Target79.8865.t0_FOR	Target79.8865.t0_REV
Target8.12997.t0_FOR	Target8.12997.t0_REV
Target8.1402.t0_FOR	Target8.1402.t0_REV
Target8.16471.t1_FOR	Target8.16471.t1_REV
Target8.2061.t1_FOR	Target8.2061.t1_REV
Target8.3568.t0_FOR	Target8.3568.t0_REV
Target8.4904.t1_FOR	Target8.4904.t1_REV
Target8.627.t1_FOR	Target8.627.t1_REV
Target8.7292.t0_FOR	Target8.7292.t0_REV
Target8.8595.t1_FOR	Target8.8595.t1_REV
Target8.8603.t0_FOR	Target8.8603.t0_REV
Target8.9380.t1_FOR	Target8.9380.t1_REV
Target80.10739.t1_FOR	Target80.10739.t1_REV
Target80.12514.t0_FOR	Target80.12514.t0_REV
Target80.16278.t1_FOR	Target80.16278.t1_REV
Target80.18503.t0_FOR	Target80.18503.t0_REV
Target80.2220.t1_FOR	Target80.2220.t1_REV
Target80.3266.t0_FOR	Target80.3266.t0_REV
Target80.3798.t1_FOR	Target80.3798.t1_REV
Target80.4368.t0_FOR	Target80.4368.t0_REV
Target80.6302.t1_FOR	Target80.6302.t1_REV
Target80.8047.t0_FOR	Target80.8047.t0_REV
Target81.10416.t1_FOR	Target81.10416.t1_REV
Target81.1198.t1_FOR	Target81.1198.t1_REV
Target81.12562.t0_FOR	Target81.12562.t0_REV
Target81.13919.t1_FOR	Target81.13919.t1_REV
Target81.14932.t0_FOR	Target81.14932.t0_REV
Target81.15841.t1_FOR	Target81.15841.t1_REV
Target81.2615.t0_FOR	Target81.2615.t0_REV
Target81.3684.t1_FOR	Target81.3684.t1_REV
Target81.5529.t0_FOR	Target81.5529.t0_REV
Target81.7648.t1_FOR	Target81.7648.t1_REV
Target81.9199.t0_FOR	Target81.9199.t0_REV
Target82.10440.t0_FOR	Target82.10440.t0_REV
Target82.11895.t1_FOR	Target82.11895.t1_REV
Target82.13956.t0_FOR	Target82.13956.t0_REV
Target82.1484.t0_FOR	Target82.1484.t0_REV
Target82.16213.t1_FOR	Target82.16213.t1_REV
Target82.18021.t0_FOR	Target82.18021.t0_REV
Target82.3024.t1_FOR	Target82.3024.t1_REV
Target82.4018.t0_FOR	Target82.4018.t0_REV
Target82.5318.t1_FOR	Target82.5318.t1_REV
Target82.8278.t0_FOR	Target82.8278.t0_REV
Target82.9433.t1_FOR	Target82.9433.t1_REV
Target83.12369.t1_FOR	Target83.12369.t1_REV
Target83.15915.t0_FOR	Target83.15915.t0_REV
Target83.17502.t1_FOR	Target83.17502.t1_REV
Target83.19631.t0_FOR	Target83.19631.t0_REV
Target83.21091.t1_FOR	Target83.21091.t1_REV
Target83.2914.t0_FOR	Target83.2914.t0_REV
Target83.3978.t1_FOR	Target83.3978.t1_REV
Target83.5343.t0_FOR	Target83.5343.t0_REV
Target83.6931.t1_FOR	Target83.6931.t1_REV
Target83.9466.t0_FOR	Target83.9466.t0_REV
Target84.12881.t0_FOR	Target84.12881.t0_REV
Target84.14675.t1_FOR	Target84.14675.t1_REV
Target84.19252.t0_FOR	Target84.19252.t0_REV
Target84.21782.t1_FOR	Target84.21782.t1_REV
Target84.26120.t0_FOR	Target84.26120.t0_REV
Target84.26329.t1_FOR	Target84.26329.t1_REV
Target84.29079.t0_FOR	Target84.29079.t0_REV
Target84.3329.t1_FOR	Target84.3329.t1_REV
Target84.6644.t0_FOR	Target84.6644.t0_REV
Target84.876.t0_FOR	Target84.876.t0_REV
Target84.9443.t1_FOR	Target84.9443.t1_REV
Target85.11470.t0_FOR	Target85.11470.t0_REV
Target85.13299.t1_FOR	Target85.13299.t1_REV
Target85.15284.t0_FOR	Target85.15284.t0_REV
Target85.18230.t1_FOR	Target85.18230.t1_REV
Target85.21671.t0_FOR	Target85.21671.t0_REV
Target85.23776.t1_FOR	Target85.23776.t1_REV
Target85.4306.t1_FOR	Target85.4306.t1_REV
Target85.6851.t0_FOR	Target85.6851.t0_REV
Target85.8822.t1_FOR	Target85.8822.t1_REV
Target86.10228.t1_FOR	Target86.10228.t1_REV
Target86.11593.t0_FOR	Target86.11593.t0_REV
Target86.14233.t1_FOR	Target86.14233.t1_REV
Target86.15631.t0_FOR	Target86.15631.t0_REV
Target86.1888.t0_FOR	Target86.1888.t0_REV
Target86.19363.t1_FOR	Target86.19363.t1_REV
Target86.4008.t1_FOR	Target86.4008.t1_REV
Target86.5461.t0_FOR	Target86.5461.t0_REV
Target86.7537.t1_FOR	Target86.7537.t1_REV
Target86.8838.t0_FOR	Target86.8838.t0_REV
Target87.12158.t1_FOR	Target87.12158.t1_REV
Target87.14391.t0_FOR	Target87.14391.t0_REV
Target87.17071.t1_FOR	Target87.17071.t1_REV
Target87.17636.t0_FOR	Target87.17636.t0_REV
Target87.1968.t0_FOR	Target87.1968.t0_REV
Target87.20590.t1_FOR	Target87.20590.t1_REV
Target87.4695.t1_FOR	Target87.4695.t1_REV
Target87.6075.t0_FOR	Target87.6075.t0_REV
Target87.7533.t1_FOR	Target87.7533.t1_REV
Target87.7878.t0_FOR	Target87.7878.t0_REV
Target88.13727.t1_FOR	Target88.13727.t1_REV
Target88.16067.t0_FOR	Target88.16067.t0_REV
Target88.17380.t1_FOR	Target88.17380.t1_REV
Target88.1836.t0_FOR	Target88.1836.t0_REV
Target88.18783.t0_FOR	Target88.18783.t0_REV
Target88.4290.t1_FOR	Target88.4290.t1_REV
Target88.5685.t0_FOR	Target88.5685.t0_REV
Target88.7482.t1_FOR	Target88.7482.t1_REV
Target88.9003.t0_FOR	Target88.9003.t0_REV
Target88.9820.t1_FOR	Target88.9820.t1_REV
Target88_m1_FOR	Target88_m1_REV
Target89.10558.t1_FOR	Target89.10558.t1_REV
Target89.12824.t0_FOR	Target89.12824.t0_REV
Target89.14482.t1_FOR	Target89.14482.t1_REV
Target89.17013.t0_FOR	Target89.17013.t0_REV
Target89.17735.t1_FOR	Target89.17735.t1_REV
Target89.18131.t0_FOR	Target89.18131.t0_REV
Target89.2173.t1_FOR	Target89.2173.t1_REV
Target89.4582.t0_FOR	Target89.4582.t0_REV
Target89.6738.t1_FOR	Target89.6738.t1_REV
Target89.8527.t0_FOR	Target89.8527.t0_REV
Target9.10702.t1_FOR	Target9.10702.t1_REV
Target9.11984.t0_FOR	Target9.11984.t0_REV
Target9.13073.t1_FOR	Target9.13073.t1_REV
Target9.14064.t0_FOR	Target9.14064.t0_REV
Target9.2461.t0_FOR	Target9.2461.t0_REV
Target9.3996.t0_FOR	Target9.3996.t0_REV
Target9.6515.t1_FOR	Target9.6515.t1_REV
Target9.9284.t0_FOR	Target9.9284.t0_REV
Target90.12478.t0_FOR	Target90.12478.t0_REV
Target90.14933.t1_FOR	Target90.14933.t1_REV
Target90.1604.t0_FOR	Target90.1604.t0_REV
Target90.3866.t1_FOR	Target90.3866.t1_REV
Target90.5543.t0_FOR	Target90.5543.t0_REV
Target90.6690.t1_FOR	Target90.6690.t1_REV
Target90.8299.t0_FOR	Target90.8299.t0_REV
Target90.8734.t1_FOR	Target90.8734.t1_REV
Target90.9619.t0_FOR	Target90.9619.t0_REV
Target90.9867.t1_FOR	Target90.9867.t1_REV
Target91.10522.t1_FOR	Target91.10522.t1_REV
Target91.11558.t0_FOR	Target91.11558.t0_REV
Target91.12527.t1_FOR	Target91.12527.t1_REV
Target91.14415.t0_FOR	Target91.14415.t0_REV
Target91.15992.t1_FOR	Target91.15992.t1_REV
Target91.1656.t0_FOR	Target91.1656.t0_REV
Target91.16787.t0_FOR	Target91.16787.t0_REV
Target91.17361.t1_FOR	Target91.17361.t1_REV
Target91.19152.t0_FOR	Target91.19152.t0_REV
Target91.5408.t1_FOR	Target91.5408.t1_REV
Target91.8471.t0_FOR	Target91.8471.t0_REV
Target92.10621.t0_FOR	Target92.10621.t0_REV
Target92.12816.t1_FOR	Target92.12816.t1_REV
Target92.1340.t1_FOR	Target92.1340.t1_REV
Target92.14570.t0_FOR	Target92.14570.t0_REV
Target92.15431.t1_FOR	Target92.15431.t1_REV
Target92.18027.t0_FOR	Target92.18027.t0_REV
Target92.2917.t0_FOR	Target92.2917.t0_REV
Target92.4253.t1_FOR	Target92.4253.t1_REV
Target92.6771.t0_FOR	Target92.6771.t0_REV
Target92.9007.t1_FOR	Target92.9007.t1_REV
Target93.14561.t0_FOR	Target93.14561.t0_REV
Target93.16246.t1_FOR	Target93.16246.t1_REV
Target93.18347.t0_FOR	Target93.18347.t0_REV
Target93.19279.t1_FOR	Target93.19279.t1_REV
Target93.2050.t1_FOR	Target93.2050.t1_REV
Target93.22060.t0_FOR	Target93.22060.t0_REV
Target93.23920.t1_FOR	Target93.23920.t1_REV
Target93.3530.t0_FOR	Target93.3530.t0_REV
Target93.5525.t1_FOR	Target93.5525.t1_REV
Target93.8087.t0_FOR	Target93.8087.t0_REV
Target93.9604.t1_FOR	Target93.9604.t1_REV
Target94.11781.t0_FOR	Target94.11781.t0_REV
Target94.1402.t0_FOR	Target94.1402.t0_REV
Target94.14782.t1_FOR	Target94.14782.t1_REV
Target94.15957.t0_FOR	Target94.15957.t0_REV
Target94.19656.t1_FOR	Target94.19656.t1_REV
Target94.21717.t0_FOR	Target94.21717.t0_REV
Target94.3416.t1_FOR	Target94.3416.t1_REV
Target94.4762.t0_FOR	Target94.4762.t0_REV
Target94.5878.t1_FOR	Target94.5878.t1_REV
Target94.6757.t0_FOR	Target94.6757.t0_REV
Target94.9258.t1_FOR	Target94.9258.t1_REV
Target94_m1_FOR	Target94_m1_REV
Target95.11199.t0_FOR	Target95.11199.t0_REV
Target95.13057.t1_FOR	Target95.13057.t1_REV
Target95.13999.t0_FOR	Target95.13999.t0_REV
Target95.15396.t0_FOR	Target95.15396.t0_REV
Target95.17380.t1_FOR	Target95.17380.t1_REV
Target95.3157.t1_FOR	Target95.3157.t1_REV
Target95.6471.t0_FOR	Target95.6471.t0_REV
Target95.660.t1_FOR	Target95.660.t1_REV
Target95.9593.t1_FOR	Target95.9593.t1_REV
Target96.11722.t0_FOR	Target96.11722.t0_REV
Target96.1193.t0_FOR	Target96.1193.t0_REV
Target96.14452.t1_FOR	Target96.14452.t1_REV
Target96.15842.t0_FOR	Target96.15842.t0_REV
Target96.17147.t1_FOR	Target96.17147.t1_REV
Target96.18576.t0_FOR	Target96.18576.t0_REV
Target96.2665.t1_FOR	Target96.2665.t1_REV
Target96.4837.t0_FOR	Target96.4837.t0_REV
Target96.6228.t1_FOR	Target96.6228.t1_REV
Target96.7465.t0_FOR	Target96.7465.t0_REV
Target96.9132.t1_FOR	Target96.9132.t1_REV
Target97.11277.t1_FOR	Target97.11277.t1_REV
Target97.13877.t0_FOR	Target97.13877.t0_REV
Target97.15578.t1_FOR	Target97.15578.t1_REV
Target97.16699.t0_FOR	Target97.16699.t0_REV
Target97.1687.t1_FOR	Target97.1687.t1_REV
Target97.19004.t1_FOR	Target97.19004.t1_REV
Target97.21162.t0_FOR	Target97.21162.t0_REV
Target97.24135.t1_FOR	Target97.24135.t1_REV
Target97.4954.t0_FOR	Target97.4954.t0_REV
Target97.7513.t1_FOR	Target97.7513.t1_REV
Target97.9249.t0_FOR	Target97.9249.t0_REV
Target98.13028.t1_FOR	Target98.13028.t1_REV
Target98.14718.t0_FOR	Target98.14718.t0_REV
Target98.17186.t1_FOR	Target98.17186.t1_REV
Target98.18634.t0_FOR	Target98.18634.t0_REV
Target98.21699.t1_FOR	Target98.21699.t1_REV
Target98.2233.t1_FOR	Target98.2233.t1_REV
Target98.22998.t0_FOR	Target98.22998.t0_REV
Target98.414.t0_FOR	Target98.414.t0_REV
Target98.4419.t0_FOR	Target98.4419.t0_REV
Target98.9984.t0_FOR	Target98.9984.t0_REV
Target98_m1_FOR	Target98_m1_REV
Target99.10416.t1_FOR	Target99.10416.t1_REV
Target99.11620.t0_FOR	Target99.11620.t0_REV
Target99.13121.t1_FOR	Target99.13121.t1_REV
Target99.15122.t0_FOR	Target99.15122.t0_REV
Target99.16639.t1_FOR	Target99.16639.t1_REV
Target99.1881.t1_FOR	Target99.1881.t1_REV
Target99.4202.t0_FOR	Target99.4202.t0_REV
Target99.5024.t1_FOR	Target99.5024.t1_REV
Target99.6668.t0_FOR	Target99.6668.t0_REV
Target99.8133.t1_FOR	Target99.8133.t1_REV
Target99.9993.t0_FOR	Target99.9993.t0_REV
Target9_m1_FOR	Target9_m1_REV
